iso3,country_name,aipi_overall,aipi_digital_infra,aipi_innovation,aipi_human_capital,aipi_regulation
SGP,Singapore,0.8006,0.2086,0.1805,0.1952,0.2162
DNK,Denmark,0.7785,0.2018,0.1817,0.1768,0.2183
USA,United States,0.7713,0.1878,0.1825,0.1833,0.2177
NLD,Netherlands,0.7665,0.191,0.1822,0.169,0.2244
EST,Estonia,0.7644,0.2018,0.1591,0.185,0.2186
FIN,Finland,0.758,0.1861,0.1734,0.1681,0.2304
CHE,Switzerland,0.757,0.1898,0.1719,0.1878,0.2075
NZL,New Zealand,0.7537,0.1939,0.1587,0.1814,0.2197
DEU,Germany,0.7533,0.1853,0.179,0.1847,0.2043
SWE,Sweden,0.7478,0.1826,0.1838,0.1711,0.2104
NMQ,NMQ,0.74,0.18,0.17,0.18,0.21
LUX,Luxembourg,0.7353,0.1917,0.1497,0.1718,0.2222
JPN,Japan,0.7332,0.1769,0.1821,0.1707,0.2034
GBR,United Kingdom,0.7309,0.1816,0.163,0.1732,0.2132
AUS,Australia,0.7271,0.1822,0.1619,0.1712,0.2118
KOR,"Korea, Republic of",0.7266,0.181,0.1825,0.1644,0.1986
ISR,Israel,0.7255,0.1733,0.1909,0.1724,0.1888
AUT,Austria,0.7246,0.1937,0.1738,0.159,0.1979
MAE,MAE,0.72,0.18,0.17,0.17,0.2
CAN,Canada,0.7132,0.1719,0.1608,0.1748,0.2056
NOR,Norway,0.7058,0.1725,0.159,0.1669,0.2073
HKG,Hong Kong SAR,0.7006,0.1995,0.1748,0.161,0.1653
ISL,Iceland,0.7001,0.1728,0.1499,0.1706,0.2068
FRA,France,0.6975,0.1818,0.1723,0.1622,0.1813
IRL,Ireland,0.6931,0.1722,0.158,0.1739,0.1891
ADVEC,ADVEC,0.683,0.1755,0.1562,0.1631,0.1882
BEL,Belgium,0.6725,0.1747,0.1724,0.1641,0.1613
EURO,EURO,0.67,0.17,0.16,0.16,0.18
LTU,Lithuania,0.6649,0.1774,0.1476,0.1684,0.1714
EU,EU,0.66,0.17,0.16,0.16,0.18
MLT,Malta,0.6592,0.1658,0.1537,0.1535,0.1861
ESP,Spain,0.6483,0.1696,0.1579,0.1498,0.171
CZE,Czech Republic,0.6462,0.1693,0.1589,0.1555,0.1625
PRT,Portugal,0.646,0.1551,0.164,0.1513,0.1757
CHN,"China, People's Republic of",0.6355,0.1901,0.1471,0.1499,0.1483
SVN,Slovenia,0.6339,0.1627,0.142,0.1522,0.1769
CYP,Cyprus,0.6324,0.1688,0.1546,0.144,0.1649
LVA,Latvia,0.6324,0.1621,0.1455,0.1628,0.1619
MYS,Malaysia,0.632,0.1496,0.14,0.1687,0.1736
EUQ,EUQ,0.63,0.16,0.15,0.15,0.17
ARE,United Arab Emirates,0.6282,0.1519,0.1509,0.1544,0.171
ITA,Italy,0.6207,0.1683,0.1627,0.1347,0.155
AS5,AS5,0.6,0.14,0.13,0.16,0.16
POL,Poland,0.5969,0.1655,0.1414,0.1438,0.1462
SVK,Slovak Republic,0.5916,0.1661,0.1363,0.1458,0.1435
CHL,Chile,0.5858,0.1476,0.1242,0.1445,0.1695
ROU,Romania,0.5836,0.1538,0.1464,0.1329,0.1506
GRC,Greece,0.582,0.1535,0.1543,0.1351,0.139
HRV,Croatia,0.5817,0.1722,0.1398,0.1262,0.1435
BGR,Bulgaria,0.5773,0.1491,0.1351,0.1483,0.1448
SAU,Saudi Arabia,0.5769,0.1438,0.1168,0.1768,0.1396
HUN,Hungary,0.563,0.1596,0.1396,0.1263,0.1374
RUS,Russian Federation,0.5592,0.1561,0.124,0.1632,0.1159
KAZ,Kazakhstan,0.5524,0.1526,0.1088,0.1573,0.1337
URY,Uruguay,0.5486,0.1289,0.1216,0.1299,0.1683
CRI,Costa Rica,0.5402,0.1197,0.1325,0.1378,0.1502
TUR,"Türkiye, Republic of",0.5402,0.1413,0.1259,0.139,0.1339
SRB,Serbia,0.5375,0.1489,0.1089,0.1363,0.1434
THA,Thailand,0.5357,0.1409,0.124,0.137,0.1339
QAT,Qatar,0.5346,0.1268,0.129,0.1445,0.1344
OMN,Oman,0.5328,0.1164,0.1251,0.1581,0.1332
MEX,Mexico,0.532,0.127,0.1314,0.1364,0.1372
SYC,Seychelles,0.5307,0.1143,0.1386,0.1329,0.1448
GEO,Georgia,0.5299,0.1209,0.1323,0.1322,0.1445
ALB,Albania,0.5268,0.1144,0.1258,0.1412,0.1454
MUS,Mauritius,0.5251,0.1192,0.1267,0.1346,0.1445
APQ,APQ,0.52,0.13,0.12,0.13,0.14
IDN,Indonesia,0.5163,0.1196,0.1058,0.1301,0.1608
BHR,Bahrain,0.5153,0.1187,0.1425,0.1496,0.1045
UKR,Ukraine,0.5125,0.1437,0.0998,0.1459,0.1231
BRB,Barbados,0.5047,0.1004,0.1242,0.125,0.155
MNE,Montenegro,0.5037,0.1136,0.1108,0.1526,0.1267
BRA,Brazil,0.5013,0.1391,0.108,0.1155,0.1387
PAN,Panama,0.5013,0.1065,0.1366,0.1223,0.1359
PHL,Philippines,0.4985,0.1019,0.1209,0.1516,0.124
ZAF,South Africa,0.4968,0.124,0.1102,0.1199,0.1427
BRN,Brunei Darussalam,0.4953,0.1188,0.1085,0.146,0.1219
ARM,Armenia,0.4929,0.1197,0.1154,0.1233,0.1345
IND,India,0.4925,0.106,0.1108,0.1239,0.1518
PER,Peru,0.4911,0.1119,0.1237,0.1237,0.1319
COL,Colombia,0.4895,0.1169,0.1033,0.1315,0.1378
MNG,Mongolia,0.4844,0.1252,0.0974,0.1417,0.1201
JOR,Jordan,0.4828,0.093,0.131,0.1324,0.1264
MKD,North Macedonia ,0.482,0.117,0.1184,0.1181,0.1286
VNM,Vietnam,0.4819,0.1411,0.1107,0.1206,0.1095
MDA,Moldova,0.4806,0.1297,0.0965,0.1284,0.126
ARG,Argentina,0.4738,0.1302,0.0881,0.1171,0.1385
AZE,Azerbaijan,0.4709,0.1107,0.1001,0.1473,0.1129
BLR,Belarus,0.4708,0.1458,0.1134,0.1363,0.0753
DOM,Dominican Republic,0.4688,0.0926,0.1309,0.1207,0.1247
TUN,Tunisia,0.4654,0.1087,0.1028,0.1319,0.122
EME,EME,0.4649,0.1107,0.1083,0.1274,0.1186
KWT,Kuwait,0.4613,0.1151,0.1144,0.1147,0.1171
BHS,"Bahamas, The",0.4575,0.1117,0.0817,0.1152,0.1489
FJI,Fiji,0.4488,0.0873,0.1125,0.1337,0.1153
KEN,Kenya,0.4452,0.0971,0.1058,0.1127,0.1296
ECU,Ecuador,0.4421,0.1005,0.0922,0.1208,0.1286
BTN,Bhutan,0.4419,0.0879,0.0934,0.1152,0.1455
RWA,Rwanda,0.4374,0.0835,0.1126,0.1013,0.1399
LKA,Sri Lanka,0.4361,0.1137,0.088,0.1267,0.1077
TTO,Trinidad and Tobago,0.4356,0.0939,0.1119,0.1223,0.1074
JAM,Jamaica,0.4338,0.0906,0.0947,0.1291,0.1194
CPV,Cabo Verde,0.4326,0.084,0.1125,0.1164,0.1197
WE,WE,0.43,0.1,0.1,0.12,0.12
MAR,Morocco,0.4291,0.0976,0.1122,0.1201,0.0992
BIH,Bosnia and Herzegovina,0.4279,0.1133,0.1097,0.1167,0.0881
TLS,Timor-Leste,0.4277,0.0753,0.125,0.1081,0.1193
KGZ,Kyrgyz Republic,0.4258,0.1064,0.0994,0.124,0.0961
GHA,Ghana,0.4252,0.0887,0.089,0.1137,0.1338
GUY,Guyana,0.4242,0.0741,0.1204,0.1229,0.1067
BLZ,Belize,0.4226,0.0929,0.0951,0.1267,0.1079
NAM,Namibia,0.4196,0.0796,0.0988,0.123,0.1182
SUR,Suriname,0.4179,0.0896,0.1094,0.1175,0.1014
LBN,Lebanon,0.4178,0.0861,0.1307,0.1201,0.0809
BWA,Botswana,0.4128,0.0814,0.114,0.106,0.1115
PRY,Paraguay,0.4098,0.0972,0.098,0.1066,0.108
MECA,MECA,0.4,0.09,0.1,0.12,0.09
SEN,Senegal,0.396,0.0802,0.0904,0.101,0.1243
EGY,Egypt,0.3941,0.0912,0.103,0.1158,0.084
GTM,Guatemala,0.3901,0.077,0.1158,0.1048,0.0925
SLV,El Salvador,0.3897,0.0841,0.107,0.1038,0.0948
BGD,Bangladesh,0.3841,0.0875,0.1075,0.0888,0.1003
IRN,Iran,0.3783,0.1186,0.0872,0.1081,0.0644
BOL,Bolivia,0.3766,0.0876,0.0922,0.1212,0.0756
LCA,Saint Lucia,0.3742,0.0818,0.0458,0.1077,0.1389
ZMB,Zambia,0.3707,0.0651,0.1028,0.1108,0.092
DZA,Algeria,0.3704,0.0829,0.0746,0.1389,0.0741
LBR,Liberia,0.3703,0.0415,0.1499,0.0986,0.0802
KHM,Cambodia,0.37,0.081,0.1141,0.0943,0.0806
PAK,Pakistan,0.3686,0.0774,0.0851,0.1011,0.1051
TJK,Tajikistan,0.3664,0.065,0.0883,0.1389,0.0743
CIV,Côte d'Ivoire,0.3655,0.0817,0.0805,0.1036,0.0996
BEN,Benin,0.3632,0.0661,0.0974,0.1016,0.098
GMB,"Gambia, The",0.36,0.05,0.0975,0.1195,0.093
LSO,Lesotho,0.3554,0.0722,0.0817,0.0965,0.105
UGA,Uganda,0.3539,0.0629,0.1079,0.0931,0.0901
TZA,Tanzania,0.3524,0.064,0.1014,0.0934,0.0936
NPL,Nepal,0.351,0.0781,0.0852,0.1019,0.0857
VCT,Saint Vincent and the Grenadines,0.3419,0.0743,0.0277,0.0954,0.1444
HND,Honduras,0.3418,0.0574,0.0921,0.1131,0.0791
CMR,Cameroon,0.3413,0.0676,0.0911,0.1046,0.0779
MWI,Malawi,0.34,0.0473,0.0998,0.0974,0.0955
SSQ,SSQ,0.34,0.06,0.09,0.09,0.09
NGA,Nigeria,0.3363,0.0796,0.0912,0.0937,0.0718
NIC,Nicaragua,0.3314,0.07,0.1076,0.0914,0.0624
LAO,Lao P.D.R.,0.3305,0.0591,0.0893,0.1051,0.077
MMR,Myanmar,0.3275,0.071,0.0871,0.1176,0.0518
NER,Niger,0.3258,0.0399,0.1345,0.0625,0.089
GIN,Guinea,0.3235,0.055,0.0793,0.1163,0.0729
GAB,Gabon,0.3225,0.076,0.0791,0.0962,0.0711
LIC,LIC,0.3224,0.0622,0.0917,0.0889,0.0796
DJI,Djibouti,0.3189,0.0565,0.1201,0.0878,0.0545
TGO,Togo,0.3157,0.0631,0.083,0.0787,0.0909
BFA,Burkina Faso,0.3118,0.0562,0.0808,0.0795,0.0952
SWZ,Eswatini,0.3062,0.0644,0.0931,0.09,0.0586
MDG,Madagascar,0.3054,0.0496,0.074,0.0943,0.0875
ZWE,Zimbabwe,0.3048,0.0636,0.0917,0.0945,0.0551
SYR,Syria,0.2981,0.065,0.0806,0.1321,0.0204
SLE,Sierra Leone,0.2978,0.0459,0.0908,0.0807,0.0804
MLI,Mali,0.2961,0.0596,0.0799,0.0798,0.0768
BDI,Burundi,0.2946,0.0445,0.0713,0.1084,0.0704
PNG,Papua New Guinea,0.2901,0.0464,0.1033,0.054,0.0865
COG,"Congo, Republic of ",0.2766,0.0456,0.0965,0.0818,0.0528
VEN,Venezuela,0.2746,0.0706,0.0682,0.1137,0.0221
IRQ,Iraq,0.2698,0.066,0.036,0.1063,0.0615
HTI,Haiti,0.2683,0.0329,0.1401,0.0561,0.0391
GNB,Guinea-Bissau,0.2649,0.04,0.1194,0.0418,0.0637
AGO,Angola,0.2597,0.0572,0.0851,0.0686,0.0488
MOZ,Mozambique,0.2574,0.0457,0.0736,0.0704,0.0676
COM,Comoros,0.2542,0.0365,0.1109,0.0664,0.0405
ETH,Ethiopia,0.2536,0.0511,0.0694,0.0619,0.0712
YEM,Yemen,0.2533,0.0398,0.1201,0.074,0.0194
COD,"Congo, Dem. Rep. of the",0.2475,0.0378,0.0742,0.0729,0.0625
LBY,Libya,0.245,0.0577,0.0511,0.1083,0.0278
TCD,Chad,0.2336,0.0303,0.076,0.0744,0.0529
MRT,Mauritania,0.2329,0.0491,0.0727,0.0607,0.0504
SDN,Sudan,0.2329,0.0527,0.0797,0.0703,0.0301
CAF,Central African Republic,0.1844,0.0183,0.0904,0.0322,0.0436
MAC,Macao SAR,,0.1571,,0.0865,0.1443
PRI,Puerto Rico,,0.0794,,0.1392,0.141
MDV,Maldives,,0.1023,,0.0784,0.1148
AFG,Afghanistan,,0.0454,,0.0472,0.0403
STP,São Tomé and Príncipe,,0.0594,,0.073,0.0859
SOM,Somalia,,0.0409,0.125,,0.0336
SSD,"South Sudan, Republic of",,0.0155,,0.0363,0.0074
UZB,Uzbekistan,,0.107,,0.1303,0.1047
TWN,Taiwan Province of China,,,0.1292,0.1955,0.1828
