category,industry,series_id,date,value
unemployment,Total,UNRATE,2020-01,3.6
unemployment,Total,UNRATE,2020-02,3.5
unemployment,Total,UNRATE,2020-03,4.4
unemployment,Total,UNRATE,2020-04,14.8
unemployment,Total,UNRATE,2020-05,13.2
unemployment,Total,UNRATE,2020-06,11.0
unemployment,Total,UNRATE,2020-07,10.2
unemployment,Total,UNRATE,2020-08,8.4
unemployment,Total,UNRATE,2020-09,7.8
unemployment,Total,UNRATE,2020-10,6.9
unemployment,Total,UNRATE,2020-11,6.7
unemployment,Total,UNRATE,2020-12,6.7
unemployment,Total,UNRATE,2021-01,6.4
unemployment,Total,UNRATE,2021-02,6.2
unemployment,Total,UNRATE,2021-03,6.1
unemployment,Total,UNRATE,2021-04,6.1
unemployment,Total,UNRATE,2021-05,5.8
unemployment,Total,UNRATE,2021-06,5.9
unemployment,Total,UNRATE,2021-07,5.4
unemployment,Total,UNRATE,2021-08,5.1
unemployment,Total,UNRATE,2021-09,4.7
unemployment,Total,UNRATE,2021-10,4.5
unemployment,Total,UNRATE,2021-11,4.1
unemployment,Total,UNRATE,2021-12,3.9
unemployment,Total,UNRATE,2022-01,4.0
unemployment,Total,UNRATE,2022-02,3.9
unemployment,Total,UNRATE,2022-03,3.7
unemployment,Total,UNRATE,2022-04,3.7
unemployment,Total,UNRATE,2022-05,3.6
unemployment,Total,UNRATE,2022-06,3.6
unemployment,Total,UNRATE,2022-07,3.5
unemployment,Total,UNRATE,2022-08,3.6
unemployment,Total,UNRATE,2022-09,3.5
unemployment,Total,UNRATE,2022-10,3.6
unemployment,Total,UNRATE,2022-11,3.6
unemployment,Total,UNRATE,2022-12,3.5
unemployment,Total,UNRATE,2023-01,3.5
unemployment,Total,UNRATE,2023-02,3.6
unemployment,Total,UNRATE,2023-03,3.5
unemployment,Total,UNRATE,2023-04,3.4
unemployment,Total,UNRATE,2023-05,3.6
unemployment,Total,UNRATE,2023-06,3.6
unemployment,Total,UNRATE,2023-07,3.5
unemployment,Total,UNRATE,2023-08,3.7
unemployment,Total,UNRATE,2023-09,3.7
unemployment,Total,UNRATE,2023-10,3.9
unemployment,Total,UNRATE,2023-11,3.7
unemployment,Total,UNRATE,2023-12,3.8
unemployment,Total,UNRATE,2024-01,3.7
unemployment,Total,UNRATE,2024-02,3.9
unemployment,Total,UNRATE,2024-03,3.9
unemployment,Total,UNRATE,2024-04,3.9
unemployment,Total,UNRATE,2024-05,3.9
unemployment,Total,UNRATE,2024-06,4.1
unemployment,Total,UNRATE,2024-07,4.2
unemployment,Total,UNRATE,2024-08,4.2
unemployment,Total,UNRATE,2024-09,4.1
unemployment,Total,UNRATE,2024-10,4.1
unemployment,Total,UNRATE,2024-11,4.2
unemployment,Total,UNRATE,2024-12,4.1
unemployment,Total,UNRATE,2025-01,4.0
unemployment,Total,UNRATE,2025-02,4.2
unemployment,Total,UNRATE,2025-03,4.2
unemployment,Total,UNRATE,2025-04,4.2
unemployment,Total,UNRATE,2025-05,4.3
unemployment,Total,UNRATE,2025-06,4.1
unemployment,Total,UNRATE,2025-07,4.3
unemployment,Total,UNRATE,2025-08,4.3
unemployment,Total,UNRATE,2025-09,4.4
unemployment,Total,UNRATE,2025-11,4.5
unemployment,Total,UNRATE,2025-12,4.4
unemployment,Total,UNRATE,2026-01,4.3
unemployment,Total,UNRATE,2026-02,4.4
unemployment,Total,UNRATE,2026-03,4.3
unemployment,Total,UNRATE,2026-04,4.3
unemployment,Construction,LNU04032232,2020-01,3.4
unemployment,Construction,LNU04032232,2020-02,3.9
unemployment,Construction,LNU04032232,2020-03,4.1
unemployment,Construction,LNU04032232,2020-04,13.2
unemployment,Construction,LNU04032232,2020-05,11.6
unemployment,Construction,LNU04032232,2020-06,9.1
unemployment,Construction,LNU04032232,2020-07,8.6
unemployment,Construction,LNU04032232,2020-08,6.7
unemployment,Construction,LNU04032232,2020-09,6.2
unemployment,Construction,LNU04032232,2020-10,5.2
unemployment,Construction,LNU04032232,2020-11,4.7
unemployment,Construction,LNU04032232,2020-12,4.3
unemployment,Construction,LNU04032232,2021-01,4.7
unemployment,Construction,LNU04032232,2021-02,4.8
unemployment,Construction,LNU04032232,2021-03,5.2
unemployment,Construction,LNU04032232,2021-04,5.8
unemployment,Construction,LNU04032232,2021-05,4.8
unemployment,Construction,LNU04032232,2021-06,5.4
unemployment,Construction,LNU04032232,2021-07,4.2
unemployment,Construction,LNU04032232,2021-08,3.6
unemployment,Construction,LNU04032232,2021-09,3.9
unemployment,Construction,LNU04032232,2021-10,3.3
unemployment,Construction,LNU04032232,2021-11,3.1
unemployment,Construction,LNU04032232,2021-12,2.8
unemployment,Construction,LNU04032232,2022-01,3.6
unemployment,Construction,LNU04032232,2022-02,3.2
unemployment,Construction,LNU04032232,2022-03,3.1
unemployment,Construction,LNU04032232,2022-04,3.2
unemployment,Construction,LNU04032232,2022-05,2.8
unemployment,Construction,LNU04032232,2022-06,3.0
unemployment,Construction,LNU04032232,2022-07,3.2
unemployment,Construction,LNU04032232,2022-08,3.3
unemployment,Construction,LNU04032232,2022-09,2.8
unemployment,Construction,LNU04032232,2022-10,3.1
unemployment,Construction,LNU04032232,2022-11,2.7
unemployment,Construction,LNU04032232,2022-12,1.8
unemployment,Construction,LNU04032232,2023-01,2.6
unemployment,Construction,LNU04032232,2023-02,3.0
unemployment,Construction,LNU04032232,2023-03,2.9
unemployment,Construction,LNU04032232,2023-04,2.8
unemployment,Construction,LNU04032232,2023-05,2.7
unemployment,Construction,LNU04032232,2023-06,2.6
unemployment,Construction,LNU04032232,2023-07,2.7
unemployment,Construction,LNU04032232,2023-08,2.7
unemployment,Construction,LNU04032232,2023-09,3.2
unemployment,Construction,LNU04032232,2023-10,3.1
unemployment,Construction,LNU04032232,2023-11,3.1
unemployment,Construction,LNU04032232,2023-12,3.0
unemployment,Construction,LNU04032232,2024-01,3.4
unemployment,Construction,LNU04032232,2024-02,3.0
unemployment,Construction,LNU04032232,2024-03,3.0
unemployment,Construction,LNU04032232,2024-04,2.7
unemployment,Construction,LNU04032232,2024-05,2.7
unemployment,Construction,LNU04032232,2024-06,3.1
unemployment,Construction,LNU04032232,2024-07,3.6
unemployment,Construction,LNU04032232,2024-08,3.5
unemployment,Construction,LNU04032232,2024-09,3.2
unemployment,Construction,LNU04032232,2024-10,3.6
unemployment,Construction,LNU04032232,2024-11,3.4
unemployment,Construction,LNU04032232,2024-12,3.5
unemployment,Construction,LNU04032232,2025-01,3.9
unemployment,Construction,LNU04032232,2025-02,2.9
unemployment,Construction,LNU04032232,2025-03,3.1
unemployment,Construction,LNU04032232,2025-04,3.6
unemployment,Construction,LNU04032232,2025-05,3.6
unemployment,Construction,LNU04032232,2025-06,3.6
unemployment,Construction,LNU04032232,2025-07,4.2
unemployment,Construction,LNU04032232,2025-08,3.8
unemployment,Construction,LNU04032232,2025-09,3.7
unemployment,Construction,LNU04032232,2025-11,3.3
unemployment,Construction,LNU04032232,2025-12,3.1
unemployment,Construction,LNU04032232,2026-01,3.4
unemployment,Construction,LNU04032232,2026-02,3.5
unemployment,Construction,LNU04032232,2026-03,3.4
unemployment,Construction,LNU04032232,2026-04,3.3
unemployment,Manufacturing,LNU04032235,2020-01,4.7
unemployment,Manufacturing,LNU04032235,2020-02,4.2
unemployment,Manufacturing,LNU04032235,2020-03,5.0
unemployment,Manufacturing,LNU04032235,2020-04,17.1
unemployment,Manufacturing,LNU04032235,2020-05,15.1
unemployment,Manufacturing,LNU04032235,2020-06,11.2
unemployment,Manufacturing,LNU04032235,2020-07,9.7
unemployment,Manufacturing,LNU04032235,2020-08,8.3
unemployment,Manufacturing,LNU04032235,2020-09,7.8
unemployment,Manufacturing,LNU04032235,2020-10,6.5
unemployment,Manufacturing,LNU04032235,2020-11,6.0
unemployment,Manufacturing,LNU04032235,2020-12,5.5
unemployment,Manufacturing,LNU04032235,2021-01,6.9
unemployment,Manufacturing,LNU04032235,2021-02,6.8
unemployment,Manufacturing,LNU04032235,2021-03,6.7
unemployment,Manufacturing,LNU04032235,2021-04,6.2
unemployment,Manufacturing,LNU04032235,2021-05,6.6
unemployment,Manufacturing,LNU04032235,2021-06,6.2
unemployment,Manufacturing,LNU04032235,2021-07,6.0
unemployment,Manufacturing,LNU04032235,2021-08,6.1
unemployment,Manufacturing,LNU04032235,2021-09,5.7
unemployment,Manufacturing,LNU04032235,2021-10,5.2
unemployment,Manufacturing,LNU04032235,2021-11,4.2
unemployment,Manufacturing,LNU04032235,2021-12,4.2
unemployment,Manufacturing,LNU04032235,2022-01,4.8
unemployment,Manufacturing,LNU04032235,2022-02,4.9
unemployment,Manufacturing,LNU04032235,2022-03,4.6
unemployment,Manufacturing,LNU04032235,2022-04,4.2
unemployment,Manufacturing,LNU04032235,2022-05,4.2
unemployment,Manufacturing,LNU04032235,2022-06,4.1
unemployment,Manufacturing,LNU04032235,2022-07,4.1
unemployment,Manufacturing,LNU04032235,2022-08,3.7
unemployment,Manufacturing,LNU04032235,2022-09,4.0
unemployment,Manufacturing,LNU04032235,2022-10,3.6
unemployment,Manufacturing,LNU04032235,2022-11,3.5
unemployment,Manufacturing,LNU04032235,2022-12,3.6
unemployment,Manufacturing,LNU04032235,2023-01,5.1
unemployment,Manufacturing,LNU04032235,2023-02,5.4
unemployment,Manufacturing,LNU04032235,2023-03,4.4
unemployment,Manufacturing,LNU04032235,2023-04,3.3
unemployment,Manufacturing,LNU04032235,2023-05,4.4
unemployment,Manufacturing,LNU04032235,2023-06,4.4
unemployment,Manufacturing,LNU04032235,2023-07,3.8
unemployment,Manufacturing,LNU04032235,2023-08,3.8
unemployment,Manufacturing,LNU04032235,2023-09,4.5
unemployment,Manufacturing,LNU04032235,2023-10,4.0
unemployment,Manufacturing,LNU04032235,2023-11,3.6
unemployment,Manufacturing,LNU04032235,2023-12,4.0
unemployment,Manufacturing,LNU04032235,2024-01,4.6
unemployment,Manufacturing,LNU04032235,2024-02,4.7
unemployment,Manufacturing,LNU04032235,2024-03,4.8
unemployment,Manufacturing,LNU04032235,2024-04,3.8
unemployment,Manufacturing,LNU04032235,2024-05,3.7
unemployment,Manufacturing,LNU04032235,2024-06,5.1
unemployment,Manufacturing,LNU04032235,2024-07,4.9
unemployment,Manufacturing,LNU04032235,2024-08,4.8
unemployment,Manufacturing,LNU04032235,2024-09,4.4
unemployment,Manufacturing,LNU04032235,2024-10,4.7
unemployment,Manufacturing,LNU04032235,2024-11,4.8
unemployment,Manufacturing,LNU04032235,2024-12,4.5
unemployment,Manufacturing,LNU04032235,2025-01,5.6
unemployment,Manufacturing,LNU04032235,2025-02,4.8
unemployment,Manufacturing,LNU04032235,2025-03,4.7
unemployment,Manufacturing,LNU04032235,2025-04,4.3
unemployment,Manufacturing,LNU04032235,2025-05,5.1
unemployment,Manufacturing,LNU04032235,2025-06,5.0
unemployment,Manufacturing,LNU04032235,2025-07,4.4
unemployment,Manufacturing,LNU04032235,2025-08,4.7
unemployment,Manufacturing,LNU04032235,2025-09,4.8
unemployment,Manufacturing,LNU04032235,2025-11,5.6
unemployment,Manufacturing,LNU04032235,2025-12,4.7
unemployment,Manufacturing,LNU04032235,2026-01,6.0
unemployment,Manufacturing,LNU04032235,2026-02,5.4
unemployment,Manufacturing,LNU04032235,2026-03,4.4
unemployment,Manufacturing,LNU04032235,2026-04,5.0
unemployment,Wholesale & Retail,LNU04032241,2020-01,5.9
unemployment,Wholesale & Retail,LNU04032241,2020-02,5.7
unemployment,Wholesale & Retail,LNU04032241,2020-03,8.1
unemployment,Wholesale & Retail,LNU04032241,2020-04,39.3
unemployment,Wholesale & Retail,LNU04032241,2020-05,35.9
unemployment,Wholesale & Retail,LNU04032241,2020-06,28.9
unemployment,Wholesale & Retail,LNU04032241,2020-07,25.0
unemployment,Wholesale & Retail,LNU04032241,2020-08,21.3
unemployment,Wholesale & Retail,LNU04032241,2020-09,19.0
unemployment,Wholesale & Retail,LNU04032241,2020-10,16.3
unemployment,Wholesale & Retail,LNU04032241,2020-11,15.0
unemployment,Wholesale & Retail,LNU04032241,2020-12,16.7
unemployment,Wholesale & Retail,LNU04032241,2021-01,15.9
unemployment,Wholesale & Retail,LNU04032241,2021-02,13.5
unemployment,Wholesale & Retail,LNU04032241,2021-03,13.0
unemployment,Wholesale & Retail,LNU04032241,2021-04,10.8
unemployment,Wholesale & Retail,LNU04032241,2021-05,10.1
unemployment,Wholesale & Retail,LNU04032241,2021-06,10.9
unemployment,Wholesale & Retail,LNU04032241,2021-07,9.0
unemployment,Wholesale & Retail,LNU04032241,2021-08,9.1
unemployment,Wholesale & Retail,LNU04032241,2021-09,7.7
unemployment,Wholesale & Retail,LNU04032241,2021-10,7.5
unemployment,Wholesale & Retail,LNU04032241,2021-11,7.5
unemployment,Wholesale & Retail,LNU04032241,2021-12,6.7
unemployment,Wholesale & Retail,LNU04032241,2022-01,8.2
unemployment,Wholesale & Retail,LNU04032241,2022-02,6.6
unemployment,Wholesale & Retail,LNU04032241,2022-03,5.9
unemployment,Wholesale & Retail,LNU04032241,2022-04,4.8
unemployment,Wholesale & Retail,LNU04032241,2022-05,5.1
unemployment,Wholesale & Retail,LNU04032241,2022-06,5.2
unemployment,Wholesale & Retail,LNU04032241,2022-07,4.8
unemployment,Wholesale & Retail,LNU04032241,2022-08,6.1
unemployment,Wholesale & Retail,LNU04032241,2022-09,5.9
unemployment,Wholesale & Retail,LNU04032241,2022-10,5.5
unemployment,Wholesale & Retail,LNU04032241,2022-11,5.8
unemployment,Wholesale & Retail,LNU04032241,2022-12,5.4
unemployment,Wholesale & Retail,LNU04032241,2023-01,6.0
unemployment,Wholesale & Retail,LNU04032241,2023-02,5.2
unemployment,Wholesale & Retail,LNU04032241,2023-03,5.0
unemployment,Wholesale & Retail,LNU04032241,2023-04,5.0
unemployment,Wholesale & Retail,LNU04032241,2023-05,5.2
unemployment,Wholesale & Retail,LNU04032241,2023-06,5.1
unemployment,Wholesale & Retail,LNU04032241,2023-07,5.8
unemployment,Wholesale & Retail,LNU04032241,2023-08,5.8
unemployment,Wholesale & Retail,LNU04032241,2023-09,5.4
unemployment,Wholesale & Retail,LNU04032241,2023-10,5.5
unemployment,Wholesale & Retail,LNU04032241,2023-11,5.5
unemployment,Wholesale & Retail,LNU04032241,2023-12,4.8
unemployment,Wholesale & Retail,LNU04032241,2024-01,6.0
unemployment,Wholesale & Retail,LNU04032241,2024-02,5.9
unemployment,Wholesale & Retail,LNU04032241,2024-03,5.5
unemployment,Wholesale & Retail,LNU04032241,2024-04,5.7
unemployment,Wholesale & Retail,LNU04032241,2024-05,5.9
unemployment,Wholesale & Retail,LNU04032241,2024-06,5.2
unemployment,Wholesale & Retail,LNU04032241,2024-07,5.5
unemployment,Wholesale & Retail,LNU04032241,2024-08,5.5
unemployment,Wholesale & Retail,LNU04032241,2024-09,5.6
unemployment,Wholesale & Retail,LNU04032241,2024-10,6.0
unemployment,Wholesale & Retail,LNU04032241,2024-11,6.2
unemployment,Wholesale & Retail,LNU04032241,2024-12,5.4
unemployment,Wholesale & Retail,LNU04032241,2025-01,7.4
unemployment,Wholesale & Retail,LNU04032241,2025-02,7.4
unemployment,Wholesale & Retail,LNU04032241,2025-03,6.2
unemployment,Wholesale & Retail,LNU04032241,2025-04,5.4
unemployment,Wholesale & Retail,LNU04032241,2025-05,6.4
unemployment,Wholesale & Retail,LNU04032241,2025-06,6.4
unemployment,Wholesale & Retail,LNU04032241,2025-07,6.2
unemployment,Wholesale & Retail,LNU04032241,2025-08,6.4
unemployment,Wholesale & Retail,LNU04032241,2025-09,6.7
unemployment,Wholesale & Retail,LNU04032241,2025-11,5.9
unemployment,Wholesale & Retail,LNU04032241,2025-12,6.1
unemployment,Wholesale & Retail,LNU04032241,2026-01,6.5
unemployment,Wholesale & Retail,LNU04032241,2026-02,7.1
unemployment,Wholesale & Retail,LNU04032241,2026-03,6.2
unemployment,Wholesale & Retail,LNU04032241,2026-04,5.4
job_openings,Total Nonfarm,JTSJOL,2020-01,7124.0
job_openings,Total Nonfarm,JTSJOL,2020-02,6966.0
job_openings,Total Nonfarm,JTSJOL,2020-03,5894.0
job_openings,Total Nonfarm,JTSJOL,2020-04,4606.0
job_openings,Total Nonfarm,JTSJOL,2020-05,5612.0
job_openings,Total Nonfarm,JTSJOL,2020-06,6129.0
job_openings,Total Nonfarm,JTSJOL,2020-07,6530.0
job_openings,Total Nonfarm,JTSJOL,2020-08,6429.0
job_openings,Total Nonfarm,JTSJOL,2020-09,6511.0
job_openings,Total Nonfarm,JTSJOL,2020-10,6798.0
job_openings,Total Nonfarm,JTSJOL,2020-11,6820.0
job_openings,Total Nonfarm,JTSJOL,2020-12,6773.0
job_openings,Total Nonfarm,JTSJOL,2021-01,7162.0
job_openings,Total Nonfarm,JTSJOL,2021-02,7827.0
job_openings,Total Nonfarm,JTSJOL,2021-03,8499.0
job_openings,Total Nonfarm,JTSJOL,2021-04,9346.0
job_openings,Total Nonfarm,JTSJOL,2021-05,9954.0
job_openings,Total Nonfarm,JTSJOL,2021-06,10319.0
job_openings,Total Nonfarm,JTSJOL,2021-07,10983.0
job_openings,Total Nonfarm,JTSJOL,2021-08,10872.0
job_openings,Total Nonfarm,JTSJOL,2021-09,10834.0
job_openings,Total Nonfarm,JTSJOL,2021-10,11238.0
job_openings,Total Nonfarm,JTSJOL,2021-11,11199.0
job_openings,Total Nonfarm,JTSJOL,2021-12,11520.0
job_openings,Total Nonfarm,JTSJOL,2022-01,11210.0
job_openings,Total Nonfarm,JTSJOL,2022-02,11698.0
job_openings,Total Nonfarm,JTSJOL,2022-03,12301.0
job_openings,Total Nonfarm,JTSJOL,2022-04,11861.0
job_openings,Total Nonfarm,JTSJOL,2022-05,11535.0
job_openings,Total Nonfarm,JTSJOL,2022-06,11283.0
job_openings,Total Nonfarm,JTSJOL,2022-07,11576.0
job_openings,Total Nonfarm,JTSJOL,2022-08,10092.0
job_openings,Total Nonfarm,JTSJOL,2022-09,10800.0
job_openings,Total Nonfarm,JTSJOL,2022-10,10447.0
job_openings,Total Nonfarm,JTSJOL,2022-11,10632.0
job_openings,Total Nonfarm,JTSJOL,2022-12,10902.0
job_openings,Total Nonfarm,JTSJOL,2023-01,10318.0
job_openings,Total Nonfarm,JTSJOL,2023-02,9857.0
job_openings,Total Nonfarm,JTSJOL,2023-03,9655.0
job_openings,Total Nonfarm,JTSJOL,2023-04,9966.0
job_openings,Total Nonfarm,JTSJOL,2023-05,9368.0
job_openings,Total Nonfarm,JTSJOL,2023-06,9180.0
job_openings,Total Nonfarm,JTSJOL,2023-07,8657.0
job_openings,Total Nonfarm,JTSJOL,2023-08,9254.0
job_openings,Total Nonfarm,JTSJOL,2023-09,9259.0
job_openings,Total Nonfarm,JTSJOL,2023-10,8580.0
job_openings,Total Nonfarm,JTSJOL,2023-11,8602.0
job_openings,Total Nonfarm,JTSJOL,2023-12,8520.0
job_openings,Total Nonfarm,JTSJOL,2024-01,8378.0
job_openings,Total Nonfarm,JTSJOL,2024-02,8440.0
job_openings,Total Nonfarm,JTSJOL,2024-03,8206.0
job_openings,Total Nonfarm,JTSJOL,2024-04,7529.0
job_openings,Total Nonfarm,JTSJOL,2024-05,7782.0
job_openings,Total Nonfarm,JTSJOL,2024-06,7416.0
job_openings,Total Nonfarm,JTSJOL,2024-07,7426.0
job_openings,Total Nonfarm,JTSJOL,2024-08,7520.0
job_openings,Total Nonfarm,JTSJOL,2024-09,6943.0
job_openings,Total Nonfarm,JTSJOL,2024-10,7379.0
job_openings,Total Nonfarm,JTSJOL,2024-11,7566.0
job_openings,Total Nonfarm,JTSJOL,2024-12,7295.0
job_openings,Total Nonfarm,JTSJOL,2025-01,7431.0
job_openings,Total Nonfarm,JTSJOL,2025-02,7242.0
job_openings,Total Nonfarm,JTSJOL,2025-03,6952.0
job_openings,Total Nonfarm,JTSJOL,2025-04,7098.0
job_openings,Total Nonfarm,JTSJOL,2025-05,7310.0
job_openings,Total Nonfarm,JTSJOL,2025-06,7204.0
job_openings,Total Nonfarm,JTSJOL,2025-07,7089.0
job_openings,Total Nonfarm,JTSJOL,2025-08,6919.0
job_openings,Total Nonfarm,JTSJOL,2025-09,7169.0
job_openings,Total Nonfarm,JTSJOL,2025-10,7170.0
job_openings,Total Nonfarm,JTSJOL,2025-11,6846.0
job_openings,Total Nonfarm,JTSJOL,2025-12,6550.0
job_openings,Total Nonfarm,JTSJOL,2026-01,7240.0
job_openings,Total Nonfarm,JTSJOL,2026-02,6922.0
job_openings,Total Nonfarm,JTSJOL,2026-03,6866.0
avg_hourly_earnings,Total Private,CES0500000003,2020-01,28.43
avg_hourly_earnings,Total Private,CES0500000003,2020-02,28.54
avg_hourly_earnings,Total Private,CES0500000003,2020-03,28.73
avg_hourly_earnings,Total Private,CES0500000003,2020-04,30.04
avg_hourly_earnings,Total Private,CES0500000003,2020-05,29.72
avg_hourly_earnings,Total Private,CES0500000003,2020-06,29.38
avg_hourly_earnings,Total Private,CES0500000003,2020-07,29.39
avg_hourly_earnings,Total Private,CES0500000003,2020-08,29.49
avg_hourly_earnings,Total Private,CES0500000003,2020-09,29.51
avg_hourly_earnings,Total Private,CES0500000003,2020-10,29.54
avg_hourly_earnings,Total Private,CES0500000003,2020-11,29.64
avg_hourly_earnings,Total Private,CES0500000003,2020-12,29.91
avg_hourly_earnings,Total Private,CES0500000003,2021-01,29.93
avg_hourly_earnings,Total Private,CES0500000003,2021-02,30.05
avg_hourly_earnings,Total Private,CES0500000003,2021-03,30.03
avg_hourly_earnings,Total Private,CES0500000003,2021-04,30.22
avg_hourly_earnings,Total Private,CES0500000003,2021-05,30.41
avg_hourly_earnings,Total Private,CES0500000003,2021-06,30.54
avg_hourly_earnings,Total Private,CES0500000003,2021-07,30.66
avg_hourly_earnings,Total Private,CES0500000003,2021-08,30.78
avg_hourly_earnings,Total Private,CES0500000003,2021-09,30.98
avg_hourly_earnings,Total Private,CES0500000003,2021-10,31.14
avg_hourly_earnings,Total Private,CES0500000003,2021-11,31.23
avg_hourly_earnings,Total Private,CES0500000003,2021-12,31.39
avg_hourly_earnings,Total Private,CES0500000003,2022-01,31.6
avg_hourly_earnings,Total Private,CES0500000003,2022-02,31.64
avg_hourly_earnings,Total Private,CES0500000003,2022-03,31.8
avg_hourly_earnings,Total Private,CES0500000003,2022-04,31.96
avg_hourly_earnings,Total Private,CES0500000003,2022-05,32.1
avg_hourly_earnings,Total Private,CES0500000003,2022-06,32.19
avg_hourly_earnings,Total Private,CES0500000003,2022-07,32.34
avg_hourly_earnings,Total Private,CES0500000003,2022-08,32.44
avg_hourly_earnings,Total Private,CES0500000003,2022-09,32.57
avg_hourly_earnings,Total Private,CES0500000003,2022-10,32.7
avg_hourly_earnings,Total Private,CES0500000003,2022-11,32.82
avg_hourly_earnings,Total Private,CES0500000003,2022-12,32.94
avg_hourly_earnings,Total Private,CES0500000003,2023-01,33.02
avg_hourly_earnings,Total Private,CES0500000003,2023-02,33.15
avg_hourly_earnings,Total Private,CES0500000003,2023-03,33.27
avg_hourly_earnings,Total Private,CES0500000003,2023-04,33.43
avg_hourly_earnings,Total Private,CES0500000003,2023-05,33.5
avg_hourly_earnings,Total Private,CES0500000003,2023-06,33.69
avg_hourly_earnings,Total Private,CES0500000003,2023-07,33.85
avg_hourly_earnings,Total Private,CES0500000003,2023-08,33.89
avg_hourly_earnings,Total Private,CES0500000003,2023-09,34.01
avg_hourly_earnings,Total Private,CES0500000003,2023-10,34.08
avg_hourly_earnings,Total Private,CES0500000003,2023-11,34.17
avg_hourly_earnings,Total Private,CES0500000003,2023-12,34.29
avg_hourly_earnings,Total Private,CES0500000003,2024-01,34.47
avg_hourly_earnings,Total Private,CES0500000003,2024-02,34.52
avg_hourly_earnings,Total Private,CES0500000003,2024-03,34.65
avg_hourly_earnings,Total Private,CES0500000003,2024-04,34.76
avg_hourly_earnings,Total Private,CES0500000003,2024-05,34.89
avg_hourly_earnings,Total Private,CES0500000003,2024-06,35.01
avg_hourly_earnings,Total Private,CES0500000003,2024-07,35.08
avg_hourly_earnings,Total Private,CES0500000003,2024-08,35.22
avg_hourly_earnings,Total Private,CES0500000003,2024-09,35.34
avg_hourly_earnings,Total Private,CES0500000003,2024-10,35.46
avg_hourly_earnings,Total Private,CES0500000003,2024-11,35.6
avg_hourly_earnings,Total Private,CES0500000003,2024-12,35.69
avg_hourly_earnings,Total Private,CES0500000003,2025-01,35.84
avg_hourly_earnings,Total Private,CES0500000003,2025-02,35.94
avg_hourly_earnings,Total Private,CES0500000003,2025-03,36.11
avg_hourly_earnings,Total Private,CES0500000003,2025-04,36.12
avg_hourly_earnings,Total Private,CES0500000003,2025-05,36.28
avg_hourly_earnings,Total Private,CES0500000003,2025-06,36.36
avg_hourly_earnings,Total Private,CES0500000003,2025-07,36.47
avg_hourly_earnings,Total Private,CES0500000003,2025-08,36.62
avg_hourly_earnings,Total Private,CES0500000003,2025-09,36.7
avg_hourly_earnings,Total Private,CES0500000003,2025-10,36.85
avg_hourly_earnings,Total Private,CES0500000003,2025-11,37.0
avg_hourly_earnings,Total Private,CES0500000003,2025-12,37.02
avg_hourly_earnings,Total Private,CES0500000003,2026-01,37.15
avg_hourly_earnings,Total Private,CES0500000003,2026-02,37.27
avg_hourly_earnings,Total Private,CES0500000003,2026-03,37.35
avg_hourly_earnings,Total Private,CES0500000003,2026-04,37.41
avg_hourly_earnings,Construction,CES2000000003,2020-01,31.22
avg_hourly_earnings,Construction,CES2000000003,2020-02,31.38
avg_hourly_earnings,Construction,CES2000000003,2020-03,31.4
avg_hourly_earnings,Construction,CES2000000003,2020-04,31.34
avg_hourly_earnings,Construction,CES2000000003,2020-05,31.45
avg_hourly_earnings,Construction,CES2000000003,2020-06,31.6
avg_hourly_earnings,Construction,CES2000000003,2020-07,31.75
avg_hourly_earnings,Construction,CES2000000003,2020-08,31.82
avg_hourly_earnings,Construction,CES2000000003,2020-09,31.82
avg_hourly_earnings,Construction,CES2000000003,2020-10,31.9
avg_hourly_earnings,Construction,CES2000000003,2020-11,32.01
avg_hourly_earnings,Construction,CES2000000003,2020-12,32.08
avg_hourly_earnings,Construction,CES2000000003,2021-01,32.15
avg_hourly_earnings,Construction,CES2000000003,2021-02,32.28
avg_hourly_earnings,Construction,CES2000000003,2021-03,32.24
avg_hourly_earnings,Construction,CES2000000003,2021-04,32.55
avg_hourly_earnings,Construction,CES2000000003,2021-05,32.72
avg_hourly_earnings,Construction,CES2000000003,2021-06,32.82
avg_hourly_earnings,Construction,CES2000000003,2021-07,32.92
avg_hourly_earnings,Construction,CES2000000003,2021-08,33.08
avg_hourly_earnings,Construction,CES2000000003,2021-09,33.27
avg_hourly_earnings,Construction,CES2000000003,2021-10,33.39
avg_hourly_earnings,Construction,CES2000000003,2021-11,33.46
avg_hourly_earnings,Construction,CES2000000003,2021-12,33.63
avg_hourly_earnings,Construction,CES2000000003,2022-01,33.83
avg_hourly_earnings,Construction,CES2000000003,2022-02,33.96
avg_hourly_earnings,Construction,CES2000000003,2022-03,34.14
avg_hourly_earnings,Construction,CES2000000003,2022-04,34.32
avg_hourly_earnings,Construction,CES2000000003,2022-05,34.54
avg_hourly_earnings,Construction,CES2000000003,2022-06,34.71
avg_hourly_earnings,Construction,CES2000000003,2022-07,34.82
avg_hourly_earnings,Construction,CES2000000003,2022-08,34.93
avg_hourly_earnings,Construction,CES2000000003,2022-09,35.11
avg_hourly_earnings,Construction,CES2000000003,2022-10,35.27
avg_hourly_earnings,Construction,CES2000000003,2022-11,35.45
avg_hourly_earnings,Construction,CES2000000003,2022-12,35.65
avg_hourly_earnings,Construction,CES2000000003,2023-01,35.6
avg_hourly_earnings,Construction,CES2000000003,2023-02,35.88
avg_hourly_earnings,Construction,CES2000000003,2023-03,36.0
avg_hourly_earnings,Construction,CES2000000003,2023-04,36.13
avg_hourly_earnings,Construction,CES2000000003,2023-05,36.28
avg_hourly_earnings,Construction,CES2000000003,2023-06,36.35
avg_hourly_earnings,Construction,CES2000000003,2023-07,36.72
avg_hourly_earnings,Construction,CES2000000003,2023-08,36.8
avg_hourly_earnings,Construction,CES2000000003,2023-09,36.87
avg_hourly_earnings,Construction,CES2000000003,2023-10,37.02
avg_hourly_earnings,Construction,CES2000000003,2023-11,37.2
avg_hourly_earnings,Construction,CES2000000003,2023-12,37.27
avg_hourly_earnings,Construction,CES2000000003,2024-01,37.51
avg_hourly_earnings,Construction,CES2000000003,2024-02,37.54
avg_hourly_earnings,Construction,CES2000000003,2024-03,37.77
avg_hourly_earnings,Construction,CES2000000003,2024-04,37.99
avg_hourly_earnings,Construction,CES2000000003,2024-05,38.04
avg_hourly_earnings,Construction,CES2000000003,2024-06,38.1
avg_hourly_earnings,Construction,CES2000000003,2024-07,38.29
avg_hourly_earnings,Construction,CES2000000003,2024-08,38.34
avg_hourly_earnings,Construction,CES2000000003,2024-09,38.55
avg_hourly_earnings,Construction,CES2000000003,2024-10,38.69
avg_hourly_earnings,Construction,CES2000000003,2024-11,38.77
avg_hourly_earnings,Construction,CES2000000003,2024-12,38.94
avg_hourly_earnings,Construction,CES2000000003,2025-01,39.07
avg_hourly_earnings,Construction,CES2000000003,2025-02,39.14
avg_hourly_earnings,Construction,CES2000000003,2025-03,39.22
avg_hourly_earnings,Construction,CES2000000003,2025-04,39.33
avg_hourly_earnings,Construction,CES2000000003,2025-05,39.47
avg_hourly_earnings,Construction,CES2000000003,2025-06,39.64
avg_hourly_earnings,Construction,CES2000000003,2025-07,39.73
avg_hourly_earnings,Construction,CES2000000003,2025-08,39.98
avg_hourly_earnings,Construction,CES2000000003,2025-09,40.01
avg_hourly_earnings,Construction,CES2000000003,2025-10,40.14
avg_hourly_earnings,Construction,CES2000000003,2025-11,40.27
avg_hourly_earnings,Construction,CES2000000003,2025-12,40.44
avg_hourly_earnings,Construction,CES2000000003,2026-01,40.53
avg_hourly_earnings,Construction,CES2000000003,2026-02,40.7
avg_hourly_earnings,Construction,CES2000000003,2026-03,40.93
avg_hourly_earnings,Construction,CES2000000003,2026-04,40.97
avg_hourly_earnings,Manufacturing,CES3000000003,2020-01,28.2
avg_hourly_earnings,Manufacturing,CES3000000003,2020-02,28.27
avg_hourly_earnings,Manufacturing,CES3000000003,2020-03,28.39
avg_hourly_earnings,Manufacturing,CES3000000003,2020-04,29.24
avg_hourly_earnings,Manufacturing,CES3000000003,2020-05,29.01
avg_hourly_earnings,Manufacturing,CES3000000003,2020-06,28.64
avg_hourly_earnings,Manufacturing,CES3000000003,2020-07,28.74
avg_hourly_earnings,Manufacturing,CES3000000003,2020-08,28.89
avg_hourly_earnings,Manufacturing,CES3000000003,2020-09,28.85
avg_hourly_earnings,Manufacturing,CES3000000003,2020-10,28.86
avg_hourly_earnings,Manufacturing,CES3000000003,2020-11,28.96
avg_hourly_earnings,Manufacturing,CES3000000003,2020-12,28.99
avg_hourly_earnings,Manufacturing,CES3000000003,2021-01,29.04
avg_hourly_earnings,Manufacturing,CES3000000003,2021-02,29.17
avg_hourly_earnings,Manufacturing,CES3000000003,2021-03,29.17
avg_hourly_earnings,Manufacturing,CES3000000003,2021-04,29.32
avg_hourly_earnings,Manufacturing,CES3000000003,2021-05,29.51
avg_hourly_earnings,Manufacturing,CES3000000003,2021-06,29.6
avg_hourly_earnings,Manufacturing,CES3000000003,2021-07,29.73
avg_hourly_earnings,Manufacturing,CES3000000003,2021-08,29.82
avg_hourly_earnings,Manufacturing,CES3000000003,2021-09,29.98
avg_hourly_earnings,Manufacturing,CES3000000003,2021-10,30.12
avg_hourly_earnings,Manufacturing,CES3000000003,2021-11,30.18
avg_hourly_earnings,Manufacturing,CES3000000003,2021-12,30.34
avg_hourly_earnings,Manufacturing,CES3000000003,2022-01,30.53
avg_hourly_earnings,Manufacturing,CES3000000003,2022-02,30.48
avg_hourly_earnings,Manufacturing,CES3000000003,2022-03,30.59
avg_hourly_earnings,Manufacturing,CES3000000003,2022-04,30.78
avg_hourly_earnings,Manufacturing,CES3000000003,2022-05,30.81
avg_hourly_earnings,Manufacturing,CES3000000003,2022-06,30.81
avg_hourly_earnings,Manufacturing,CES3000000003,2022-07,30.92
avg_hourly_earnings,Manufacturing,CES3000000003,2022-08,31.03
avg_hourly_earnings,Manufacturing,CES3000000003,2022-09,31.13
avg_hourly_earnings,Manufacturing,CES3000000003,2022-10,31.3
avg_hourly_earnings,Manufacturing,CES3000000003,2022-11,31.37
avg_hourly_earnings,Manufacturing,CES3000000003,2022-12,31.48
avg_hourly_earnings,Manufacturing,CES3000000003,2023-01,31.66
avg_hourly_earnings,Manufacturing,CES3000000003,2023-02,31.68
avg_hourly_earnings,Manufacturing,CES3000000003,2023-03,31.84
avg_hourly_earnings,Manufacturing,CES3000000003,2023-04,32.02
avg_hourly_earnings,Manufacturing,CES3000000003,2023-05,32.14
avg_hourly_earnings,Manufacturing,CES3000000003,2023-06,32.38
avg_hourly_earnings,Manufacturing,CES3000000003,2023-07,32.56
avg_hourly_earnings,Manufacturing,CES3000000003,2023-08,32.6
avg_hourly_earnings,Manufacturing,CES3000000003,2023-09,32.77
avg_hourly_earnings,Manufacturing,CES3000000003,2023-10,32.86
avg_hourly_earnings,Manufacturing,CES3000000003,2023-11,33.05
avg_hourly_earnings,Manufacturing,CES3000000003,2023-12,33.23
avg_hourly_earnings,Manufacturing,CES3000000003,2024-01,33.33
avg_hourly_earnings,Manufacturing,CES3000000003,2024-02,33.41
avg_hourly_earnings,Manufacturing,CES3000000003,2024-03,33.57
avg_hourly_earnings,Manufacturing,CES3000000003,2024-04,33.61
avg_hourly_earnings,Manufacturing,CES3000000003,2024-05,33.79
avg_hourly_earnings,Manufacturing,CES3000000003,2024-06,33.99
avg_hourly_earnings,Manufacturing,CES3000000003,2024-07,34.08
avg_hourly_earnings,Manufacturing,CES3000000003,2024-08,34.21
avg_hourly_earnings,Manufacturing,CES3000000003,2024-09,34.29
avg_hourly_earnings,Manufacturing,CES3000000003,2024-10,34.39
avg_hourly_earnings,Manufacturing,CES3000000003,2024-11,34.51
avg_hourly_earnings,Manufacturing,CES3000000003,2024-12,34.56
avg_hourly_earnings,Manufacturing,CES3000000003,2025-01,34.73
avg_hourly_earnings,Manufacturing,CES3000000003,2025-02,34.88
avg_hourly_earnings,Manufacturing,CES3000000003,2025-03,35.25
avg_hourly_earnings,Manufacturing,CES3000000003,2025-04,35.13
avg_hourly_earnings,Manufacturing,CES3000000003,2025-05,35.31
avg_hourly_earnings,Manufacturing,CES3000000003,2025-06,35.37
avg_hourly_earnings,Manufacturing,CES3000000003,2025-07,35.51
avg_hourly_earnings,Manufacturing,CES3000000003,2025-08,35.58
avg_hourly_earnings,Manufacturing,CES3000000003,2025-09,35.7
avg_hourly_earnings,Manufacturing,CES3000000003,2025-10,35.87
avg_hourly_earnings,Manufacturing,CES3000000003,2025-11,35.99
avg_hourly_earnings,Manufacturing,CES3000000003,2025-12,36.08
avg_hourly_earnings,Manufacturing,CES3000000003,2026-01,36.2
avg_hourly_earnings,Manufacturing,CES3000000003,2026-02,36.39
avg_hourly_earnings,Manufacturing,CES3000000003,2026-03,36.54
avg_hourly_earnings,Manufacturing,CES3000000003,2026-04,36.68
avg_hourly_earnings,Information,CES5000000003,2020-01,42.86
avg_hourly_earnings,Information,CES5000000003,2020-02,42.93
avg_hourly_earnings,Information,CES5000000003,2020-03,43.07
avg_hourly_earnings,Information,CES5000000003,2020-04,43.79
avg_hourly_earnings,Information,CES5000000003,2020-05,43.74
avg_hourly_earnings,Information,CES5000000003,2020-06,43.46
avg_hourly_earnings,Information,CES5000000003,2020-07,44.29
avg_hourly_earnings,Information,CES5000000003,2020-08,44.16
avg_hourly_earnings,Information,CES5000000003,2020-09,43.9
avg_hourly_earnings,Information,CES5000000003,2020-10,44.59
avg_hourly_earnings,Information,CES5000000003,2020-11,44.52
avg_hourly_earnings,Information,CES5000000003,2020-12,44.23
avg_hourly_earnings,Information,CES5000000003,2021-01,44.38
avg_hourly_earnings,Information,CES5000000003,2021-02,44.59
avg_hourly_earnings,Information,CES5000000003,2021-03,44.03
avg_hourly_earnings,Information,CES5000000003,2021-04,44.39
avg_hourly_earnings,Information,CES5000000003,2021-05,44.34
avg_hourly_earnings,Information,CES5000000003,2021-06,44.34
avg_hourly_earnings,Information,CES5000000003,2021-07,44.46
avg_hourly_earnings,Information,CES5000000003,2021-08,44.42
avg_hourly_earnings,Information,CES5000000003,2021-09,44.44
avg_hourly_earnings,Information,CES5000000003,2021-10,44.46
avg_hourly_earnings,Information,CES5000000003,2021-11,44.57
avg_hourly_earnings,Information,CES5000000003,2021-12,44.92
avg_hourly_earnings,Information,CES5000000003,2022-01,45.09
avg_hourly_earnings,Information,CES5000000003,2022-02,45.37
avg_hourly_earnings,Information,CES5000000003,2022-03,45.44
avg_hourly_earnings,Information,CES5000000003,2022-04,45.88
avg_hourly_earnings,Information,CES5000000003,2022-05,46.24
avg_hourly_earnings,Information,CES5000000003,2022-06,46.54
avg_hourly_earnings,Information,CES5000000003,2022-07,46.7
avg_hourly_earnings,Information,CES5000000003,2022-08,47.24
avg_hourly_earnings,Information,CES5000000003,2022-09,47.88
avg_hourly_earnings,Information,CES5000000003,2022-10,47.58
avg_hourly_earnings,Information,CES5000000003,2022-11,47.31
avg_hourly_earnings,Information,CES5000000003,2022-12,47.66
avg_hourly_earnings,Information,CES5000000003,2023-01,47.75
avg_hourly_earnings,Information,CES5000000003,2023-02,47.95
avg_hourly_earnings,Information,CES5000000003,2023-03,48.14
avg_hourly_earnings,Information,CES5000000003,2023-04,48.06
avg_hourly_earnings,Information,CES5000000003,2023-05,48.33
avg_hourly_earnings,Information,CES5000000003,2023-06,48.36
avg_hourly_earnings,Information,CES5000000003,2023-07,48.47
avg_hourly_earnings,Information,CES5000000003,2023-08,48.37
avg_hourly_earnings,Information,CES5000000003,2023-09,48.59
avg_hourly_earnings,Information,CES5000000003,2023-10,48.68
avg_hourly_earnings,Information,CES5000000003,2023-11,48.92
avg_hourly_earnings,Information,CES5000000003,2023-12,49.1
avg_hourly_earnings,Information,CES5000000003,2024-01,49.1
avg_hourly_earnings,Information,CES5000000003,2024-02,49.14
avg_hourly_earnings,Information,CES5000000003,2024-03,49.37
avg_hourly_earnings,Information,CES5000000003,2024-04,49.43
avg_hourly_earnings,Information,CES5000000003,2024-05,49.47
avg_hourly_earnings,Information,CES5000000003,2024-06,49.71
avg_hourly_earnings,Information,CES5000000003,2024-07,49.99
avg_hourly_earnings,Information,CES5000000003,2024-08,50.44
avg_hourly_earnings,Information,CES5000000003,2024-09,50.57
avg_hourly_earnings,Information,CES5000000003,2024-10,51.19
avg_hourly_earnings,Information,CES5000000003,2024-11,51.29
avg_hourly_earnings,Information,CES5000000003,2024-12,51.28
avg_hourly_earnings,Information,CES5000000003,2025-01,51.56
avg_hourly_earnings,Information,CES5000000003,2025-02,51.75
avg_hourly_earnings,Information,CES5000000003,2025-03,51.83
avg_hourly_earnings,Information,CES5000000003,2025-04,52.01
avg_hourly_earnings,Information,CES5000000003,2025-05,52.32
avg_hourly_earnings,Information,CES5000000003,2025-06,52.54
avg_hourly_earnings,Information,CES5000000003,2025-07,52.63
avg_hourly_earnings,Information,CES5000000003,2025-08,52.77
avg_hourly_earnings,Information,CES5000000003,2025-09,53.06
avg_hourly_earnings,Information,CES5000000003,2025-10,53.27
avg_hourly_earnings,Information,CES5000000003,2025-11,53.46
avg_hourly_earnings,Information,CES5000000003,2025-12,53.9
avg_hourly_earnings,Information,CES5000000003,2026-01,53.95
avg_hourly_earnings,Information,CES5000000003,2026-02,54.39
avg_hourly_earnings,Information,CES5000000003,2026-03,54.6
avg_hourly_earnings,Information,CES5000000003,2026-04,54.83
avg_hourly_earnings,Financial Activities,CES5500000003,2020-01,36.69
avg_hourly_earnings,Financial Activities,CES5500000003,2020-02,36.95
avg_hourly_earnings,Financial Activities,CES5500000003,2020-03,36.92
avg_hourly_earnings,Financial Activities,CES5500000003,2020-04,37.33
avg_hourly_earnings,Financial Activities,CES5500000003,2020-05,37.57
avg_hourly_earnings,Financial Activities,CES5500000003,2020-06,37.79
avg_hourly_earnings,Financial Activities,CES5500000003,2020-07,37.76
avg_hourly_earnings,Financial Activities,CES5500000003,2020-08,38.2
avg_hourly_earnings,Financial Activities,CES5500000003,2020-09,38.3
avg_hourly_earnings,Financial Activities,CES5500000003,2020-10,38.7
avg_hourly_earnings,Financial Activities,CES5500000003,2020-11,38.84
avg_hourly_earnings,Financial Activities,CES5500000003,2020-12,39.07
avg_hourly_earnings,Financial Activities,CES5500000003,2021-01,39.23
avg_hourly_earnings,Financial Activities,CES5500000003,2021-02,39.62
avg_hourly_earnings,Financial Activities,CES5500000003,2021-03,39.78
avg_hourly_earnings,Financial Activities,CES5500000003,2021-04,39.91
avg_hourly_earnings,Financial Activities,CES5500000003,2021-05,40.26
avg_hourly_earnings,Financial Activities,CES5500000003,2021-06,40.11
avg_hourly_earnings,Financial Activities,CES5500000003,2021-07,40.2
avg_hourly_earnings,Financial Activities,CES5500000003,2021-08,40.15
avg_hourly_earnings,Financial Activities,CES5500000003,2021-09,40.19
avg_hourly_earnings,Financial Activities,CES5500000003,2021-10,40.52
avg_hourly_earnings,Financial Activities,CES5500000003,2021-11,40.7
avg_hourly_earnings,Financial Activities,CES5500000003,2021-12,40.71
avg_hourly_earnings,Financial Activities,CES5500000003,2022-01,40.86
avg_hourly_earnings,Financial Activities,CES5500000003,2022-02,40.77
avg_hourly_earnings,Financial Activities,CES5500000003,2022-03,41.04
avg_hourly_earnings,Financial Activities,CES5500000003,2022-04,41.19
avg_hourly_earnings,Financial Activities,CES5500000003,2022-05,41.26
avg_hourly_earnings,Financial Activities,CES5500000003,2022-06,41.47
avg_hourly_earnings,Financial Activities,CES5500000003,2022-07,41.63
avg_hourly_earnings,Financial Activities,CES5500000003,2022-08,41.69
avg_hourly_earnings,Financial Activities,CES5500000003,2022-09,41.96
avg_hourly_earnings,Financial Activities,CES5500000003,2022-10,42.03
avg_hourly_earnings,Financial Activities,CES5500000003,2022-11,42.11
avg_hourly_earnings,Financial Activities,CES5500000003,2022-12,42.39
avg_hourly_earnings,Financial Activities,CES5500000003,2023-01,42.49
avg_hourly_earnings,Financial Activities,CES5500000003,2023-02,42.53
avg_hourly_earnings,Financial Activities,CES5500000003,2023-03,42.69
avg_hourly_earnings,Financial Activities,CES5500000003,2023-04,42.73
avg_hourly_earnings,Financial Activities,CES5500000003,2023-05,42.92
avg_hourly_earnings,Financial Activities,CES5500000003,2023-06,43.26
avg_hourly_earnings,Financial Activities,CES5500000003,2023-07,43.59
avg_hourly_earnings,Financial Activities,CES5500000003,2023-08,43.9
avg_hourly_earnings,Financial Activities,CES5500000003,2023-09,44.12
avg_hourly_earnings,Financial Activities,CES5500000003,2023-10,44.23
avg_hourly_earnings,Financial Activities,CES5500000003,2023-11,44.42
avg_hourly_earnings,Financial Activities,CES5500000003,2023-12,44.52
avg_hourly_earnings,Financial Activities,CES5500000003,2024-01,44.79
avg_hourly_earnings,Financial Activities,CES5500000003,2024-02,44.96
avg_hourly_earnings,Financial Activities,CES5500000003,2024-03,45.07
avg_hourly_earnings,Financial Activities,CES5500000003,2024-04,45.26
avg_hourly_earnings,Financial Activities,CES5500000003,2024-05,45.46
avg_hourly_earnings,Financial Activities,CES5500000003,2024-06,45.58
avg_hourly_earnings,Financial Activities,CES5500000003,2024-07,45.59
avg_hourly_earnings,Financial Activities,CES5500000003,2024-08,45.9
avg_hourly_earnings,Financial Activities,CES5500000003,2024-09,45.97
avg_hourly_earnings,Financial Activities,CES5500000003,2024-10,46.07
avg_hourly_earnings,Financial Activities,CES5500000003,2024-11,46.19
avg_hourly_earnings,Financial Activities,CES5500000003,2024-12,46.47
avg_hourly_earnings,Financial Activities,CES5500000003,2025-01,46.63
avg_hourly_earnings,Financial Activities,CES5500000003,2025-02,46.82
avg_hourly_earnings,Financial Activities,CES5500000003,2025-03,47.11
avg_hourly_earnings,Financial Activities,CES5500000003,2025-04,47.19
avg_hourly_earnings,Financial Activities,CES5500000003,2025-05,47.45
avg_hourly_earnings,Financial Activities,CES5500000003,2025-06,47.46
avg_hourly_earnings,Financial Activities,CES5500000003,2025-07,47.57
avg_hourly_earnings,Financial Activities,CES5500000003,2025-08,47.75
avg_hourly_earnings,Financial Activities,CES5500000003,2025-09,47.93
avg_hourly_earnings,Financial Activities,CES5500000003,2025-10,48.18
avg_hourly_earnings,Financial Activities,CES5500000003,2025-11,48.4
avg_hourly_earnings,Financial Activities,CES5500000003,2025-12,48.37
avg_hourly_earnings,Financial Activities,CES5500000003,2026-01,48.61
avg_hourly_earnings,Financial Activities,CES5500000003,2026-02,48.72
avg_hourly_earnings,Financial Activities,CES5500000003,2026-03,48.9
avg_hourly_earnings,Financial Activities,CES5500000003,2026-04,48.99
avg_hourly_earnings,Prof & Business Svcs,CES6000000003,2020-01,34.3
avg_hourly_earnings,Prof & Business Svcs,CES6000000003,2020-02,34.44
avg_hourly_earnings,Prof & Business Svcs,CES6000000003,2020-03,34.45
avg_hourly_earnings,Prof & Business Svcs,CES6000000003,2020-04,35.75
avg_hourly_earnings,Prof & Business Svcs,CES6000000003,2020-05,35.45
avg_hourly_earnings,Prof & Business Svcs,CES6000000003,2020-06,35.24
avg_hourly_earnings,Prof & Business Svcs,CES6000000003,2020-07,35.08
avg_hourly_earnings,Prof & Business Svcs,CES6000000003,2020-08,35.21
avg_hourly_earnings,Prof & Business Svcs,CES6000000003,2020-09,35.36
avg_hourly_earnings,Prof & Business Svcs,CES6000000003,2020-10,35.3
avg_hourly_earnings,Prof & Business Svcs,CES6000000003,2020-11,35.31
avg_hourly_earnings,Prof & Business Svcs,CES6000000003,2020-12,35.47
avg_hourly_earnings,Prof & Business Svcs,CES6000000003,2021-01,35.51
avg_hourly_earnings,Prof & Business Svcs,CES6000000003,2021-02,35.8
avg_hourly_earnings,Prof & Business Svcs,CES6000000003,2021-03,35.73
avg_hourly_earnings,Prof & Business Svcs,CES6000000003,2021-04,35.99
avg_hourly_earnings,Prof & Business Svcs,CES6000000003,2021-05,36.25
avg_hourly_earnings,Prof & Business Svcs,CES6000000003,2021-06,36.61
avg_hourly_earnings,Prof & Business Svcs,CES6000000003,2021-07,36.72
avg_hourly_earnings,Prof & Business Svcs,CES6000000003,2021-08,36.89
avg_hourly_earnings,Prof & Business Svcs,CES6000000003,2021-09,37.09
avg_hourly_earnings,Prof & Business Svcs,CES6000000003,2021-10,37.31
avg_hourly_earnings,Prof & Business Svcs,CES6000000003,2021-11,37.38
avg_hourly_earnings,Prof & Business Svcs,CES6000000003,2021-12,37.64
avg_hourly_earnings,Prof & Business Svcs,CES6000000003,2022-01,37.88
avg_hourly_earnings,Prof & Business Svcs,CES6000000003,2022-02,38.02
avg_hourly_earnings,Prof & Business Svcs,CES6000000003,2022-03,38.25
avg_hourly_earnings,Prof & Business Svcs,CES6000000003,2022-04,38.51
avg_hourly_earnings,Prof & Business Svcs,CES6000000003,2022-05,38.64
avg_hourly_earnings,Prof & Business Svcs,CES6000000003,2022-06,38.74
avg_hourly_earnings,Prof & Business Svcs,CES6000000003,2022-07,38.92
avg_hourly_earnings,Prof & Business Svcs,CES6000000003,2022-08,39.0
avg_hourly_earnings,Prof & Business Svcs,CES6000000003,2022-09,39.08
avg_hourly_earnings,Prof & Business Svcs,CES6000000003,2022-10,39.24
avg_hourly_earnings,Prof & Business Svcs,CES6000000003,2022-11,39.39
avg_hourly_earnings,Prof & Business Svcs,CES6000000003,2022-12,39.53
avg_hourly_earnings,Prof & Business Svcs,CES6000000003,2023-01,39.68
avg_hourly_earnings,Prof & Business Svcs,CES6000000003,2023-02,39.85
avg_hourly_earnings,Prof & Business Svcs,CES6000000003,2023-03,40.01
avg_hourly_earnings,Prof & Business Svcs,CES6000000003,2023-04,40.26
avg_hourly_earnings,Prof & Business Svcs,CES6000000003,2023-05,40.3
avg_hourly_earnings,Prof & Business Svcs,CES6000000003,2023-06,40.51
avg_hourly_earnings,Prof & Business Svcs,CES6000000003,2023-07,40.75
avg_hourly_earnings,Prof & Business Svcs,CES6000000003,2023-08,40.71
avg_hourly_earnings,Prof & Business Svcs,CES6000000003,2023-09,40.78
avg_hourly_earnings,Prof & Business Svcs,CES6000000003,2023-10,40.9
avg_hourly_earnings,Prof & Business Svcs,CES6000000003,2023-11,41.03
avg_hourly_earnings,Prof & Business Svcs,CES6000000003,2023-12,41.18
avg_hourly_earnings,Prof & Business Svcs,CES6000000003,2024-01,41.41
avg_hourly_earnings,Prof & Business Svcs,CES6000000003,2024-02,41.47
avg_hourly_earnings,Prof & Business Svcs,CES6000000003,2024-03,41.68
avg_hourly_earnings,Prof & Business Svcs,CES6000000003,2024-04,41.84
avg_hourly_earnings,Prof & Business Svcs,CES6000000003,2024-05,41.99
avg_hourly_earnings,Prof & Business Svcs,CES6000000003,2024-06,42.19
avg_hourly_earnings,Prof & Business Svcs,CES6000000003,2024-07,42.23
avg_hourly_earnings,Prof & Business Svcs,CES6000000003,2024-08,42.43
avg_hourly_earnings,Prof & Business Svcs,CES6000000003,2024-09,42.7
avg_hourly_earnings,Prof & Business Svcs,CES6000000003,2024-10,42.91
avg_hourly_earnings,Prof & Business Svcs,CES6000000003,2024-11,43.13
avg_hourly_earnings,Prof & Business Svcs,CES6000000003,2024-12,43.31
avg_hourly_earnings,Prof & Business Svcs,CES6000000003,2025-01,43.42
avg_hourly_earnings,Prof & Business Svcs,CES6000000003,2025-02,43.55
avg_hourly_earnings,Prof & Business Svcs,CES6000000003,2025-03,43.67
avg_hourly_earnings,Prof & Business Svcs,CES6000000003,2025-04,43.76
avg_hourly_earnings,Prof & Business Svcs,CES6000000003,2025-05,44.0
avg_hourly_earnings,Prof & Business Svcs,CES6000000003,2025-06,44.21
avg_hourly_earnings,Prof & Business Svcs,CES6000000003,2025-07,44.4
avg_hourly_earnings,Prof & Business Svcs,CES6000000003,2025-08,44.62
avg_hourly_earnings,Prof & Business Svcs,CES6000000003,2025-09,44.74
avg_hourly_earnings,Prof & Business Svcs,CES6000000003,2025-10,44.9
avg_hourly_earnings,Prof & Business Svcs,CES6000000003,2025-11,44.92
avg_hourly_earnings,Prof & Business Svcs,CES6000000003,2025-12,44.96
avg_hourly_earnings,Prof & Business Svcs,CES6000000003,2026-01,45.03
avg_hourly_earnings,Prof & Business Svcs,CES6000000003,2026-02,45.22
avg_hourly_earnings,Prof & Business Svcs,CES6000000003,2026-03,45.31
avg_hourly_earnings,Prof & Business Svcs,CES6000000003,2026-04,45.47
avg_hourly_earnings,Education & Health,CES6500000003,2020-01,27.83
avg_hourly_earnings,Education & Health,CES6500000003,2020-02,27.89
avg_hourly_earnings,Education & Health,CES6500000003,2020-03,27.97
avg_hourly_earnings,Education & Health,CES6500000003,2020-04,28.38
avg_hourly_earnings,Education & Health,CES6500000003,2020-05,28.49
avg_hourly_earnings,Education & Health,CES6500000003,2020-06,28.53
avg_hourly_earnings,Education & Health,CES6500000003,2020-07,28.55
avg_hourly_earnings,Education & Health,CES6500000003,2020-08,28.61
avg_hourly_earnings,Education & Health,CES6500000003,2020-09,28.71
avg_hourly_earnings,Education & Health,CES6500000003,2020-10,28.78
avg_hourly_earnings,Education & Health,CES6500000003,2020-11,28.93
avg_hourly_earnings,Education & Health,CES6500000003,2020-12,29.4
avg_hourly_earnings,Education & Health,CES6500000003,2021-01,29.32
avg_hourly_earnings,Education & Health,CES6500000003,2021-02,29.42
avg_hourly_earnings,Education & Health,CES6500000003,2021-03,29.43
avg_hourly_earnings,Education & Health,CES6500000003,2021-04,29.65
avg_hourly_earnings,Education & Health,CES6500000003,2021-05,29.74
avg_hourly_earnings,Education & Health,CES6500000003,2021-06,29.85
avg_hourly_earnings,Education & Health,CES6500000003,2021-07,30.0
avg_hourly_earnings,Education & Health,CES6500000003,2021-08,30.14
avg_hourly_earnings,Education & Health,CES6500000003,2021-09,30.56
avg_hourly_earnings,Education & Health,CES6500000003,2021-10,30.71
avg_hourly_earnings,Education & Health,CES6500000003,2021-11,30.85
avg_hourly_earnings,Education & Health,CES6500000003,2021-12,31.03
avg_hourly_earnings,Education & Health,CES6500000003,2022-01,31.27
avg_hourly_earnings,Education & Health,CES6500000003,2022-02,31.33
avg_hourly_earnings,Education & Health,CES6500000003,2022-03,31.41
avg_hourly_earnings,Education & Health,CES6500000003,2022-04,31.53
avg_hourly_earnings,Education & Health,CES6500000003,2022-05,31.66
avg_hourly_earnings,Education & Health,CES6500000003,2022-06,31.83
avg_hourly_earnings,Education & Health,CES6500000003,2022-07,32.02
avg_hourly_earnings,Education & Health,CES6500000003,2022-08,32.1
avg_hourly_earnings,Education & Health,CES6500000003,2022-09,32.11
avg_hourly_earnings,Education & Health,CES6500000003,2022-10,32.28
avg_hourly_earnings,Education & Health,CES6500000003,2022-11,32.45
avg_hourly_earnings,Education & Health,CES6500000003,2022-12,32.57
avg_hourly_earnings,Education & Health,CES6500000003,2023-01,32.63
avg_hourly_earnings,Education & Health,CES6500000003,2023-02,32.66
avg_hourly_earnings,Education & Health,CES6500000003,2023-03,32.84
avg_hourly_earnings,Education & Health,CES6500000003,2023-04,32.93
avg_hourly_earnings,Education & Health,CES6500000003,2023-05,32.99
avg_hourly_earnings,Education & Health,CES6500000003,2023-06,33.1
avg_hourly_earnings,Education & Health,CES6500000003,2023-07,33.23
avg_hourly_earnings,Education & Health,CES6500000003,2023-08,33.29
avg_hourly_earnings,Education & Health,CES6500000003,2023-09,33.44
avg_hourly_earnings,Education & Health,CES6500000003,2023-10,33.51
avg_hourly_earnings,Education & Health,CES6500000003,2023-11,33.51
avg_hourly_earnings,Education & Health,CES6500000003,2023-12,33.56
avg_hourly_earnings,Education & Health,CES6500000003,2024-01,33.72
avg_hourly_earnings,Education & Health,CES6500000003,2024-02,33.77
avg_hourly_earnings,Education & Health,CES6500000003,2024-03,33.93
avg_hourly_earnings,Education & Health,CES6500000003,2024-04,34.04
avg_hourly_earnings,Education & Health,CES6500000003,2024-05,34.16
avg_hourly_earnings,Education & Health,CES6500000003,2024-06,34.32
avg_hourly_earnings,Education & Health,CES6500000003,2024-07,34.41
avg_hourly_earnings,Education & Health,CES6500000003,2024-08,34.51
avg_hourly_earnings,Education & Health,CES6500000003,2024-09,34.66
avg_hourly_earnings,Education & Health,CES6500000003,2024-10,34.72
avg_hourly_earnings,Education & Health,CES6500000003,2024-11,34.87
avg_hourly_earnings,Education & Health,CES6500000003,2024-12,35.01
avg_hourly_earnings,Education & Health,CES6500000003,2025-01,35.15
avg_hourly_earnings,Education & Health,CES6500000003,2025-02,35.25
avg_hourly_earnings,Education & Health,CES6500000003,2025-03,35.34
avg_hourly_earnings,Education & Health,CES6500000003,2025-04,35.33
avg_hourly_earnings,Education & Health,CES6500000003,2025-05,35.5
avg_hourly_earnings,Education & Health,CES6500000003,2025-06,35.49
avg_hourly_earnings,Education & Health,CES6500000003,2025-07,35.58
avg_hourly_earnings,Education & Health,CES6500000003,2025-08,35.75
avg_hourly_earnings,Education & Health,CES6500000003,2025-09,35.69
avg_hourly_earnings,Education & Health,CES6500000003,2025-10,35.95
avg_hourly_earnings,Education & Health,CES6500000003,2025-11,36.12
avg_hourly_earnings,Education & Health,CES6500000003,2025-12,35.95
avg_hourly_earnings,Education & Health,CES6500000003,2026-01,36.13
avg_hourly_earnings,Education & Health,CES6500000003,2026-02,36.21
avg_hourly_earnings,Education & Health,CES6500000003,2026-03,36.18
avg_hourly_earnings,Education & Health,CES6500000003,2026-04,36.23
avg_hourly_earnings,Leisure & Hospitality,CES7000000003,2020-01,16.84
avg_hourly_earnings,Leisure & Hospitality,CES7000000003,2020-02,16.92
avg_hourly_earnings,Leisure & Hospitality,CES7000000003,2020-03,16.95
avg_hourly_earnings,Leisure & Hospitality,CES7000000003,2020-04,18.02
avg_hourly_earnings,Leisure & Hospitality,CES7000000003,2020-05,17.43
avg_hourly_earnings,Leisure & Hospitality,CES7000000003,2020-06,17.02
avg_hourly_earnings,Leisure & Hospitality,CES7000000003,2020-07,16.89
avg_hourly_earnings,Leisure & Hospitality,CES7000000003,2020-08,17.01
avg_hourly_earnings,Leisure & Hospitality,CES7000000003,2020-09,17.06
avg_hourly_earnings,Leisure & Hospitality,CES7000000003,2020-10,17.06
avg_hourly_earnings,Leisure & Hospitality,CES7000000003,2020-11,16.99
avg_hourly_earnings,Leisure & Hospitality,CES7000000003,2020-12,17.08
avg_hourly_earnings,Leisure & Hospitality,CES7000000003,2021-01,17.2
avg_hourly_earnings,Leisure & Hospitality,CES7000000003,2021-02,17.46
avg_hourly_earnings,Leisure & Hospitality,CES7000000003,2021-03,17.54
avg_hourly_earnings,Leisure & Hospitality,CES7000000003,2021-04,17.81
avg_hourly_earnings,Leisure & Hospitality,CES7000000003,2021-05,18.11
avg_hourly_earnings,Leisure & Hospitality,CES7000000003,2021-06,18.41
avg_hourly_earnings,Leisure & Hospitality,CES7000000003,2021-07,18.56
avg_hourly_earnings,Leisure & Hospitality,CES7000000003,2021-08,18.78
avg_hourly_earnings,Leisure & Hospitality,CES7000000003,2021-09,18.97
avg_hourly_earnings,Leisure & Hospitality,CES7000000003,2021-10,19.24
avg_hourly_earnings,Leisure & Hospitality,CES7000000003,2021-11,19.34
avg_hourly_earnings,Leisure & Hospitality,CES7000000003,2021-12,19.44
avg_hourly_earnings,Leisure & Hospitality,CES7000000003,2022-01,19.46
avg_hourly_earnings,Leisure & Hospitality,CES7000000003,2022-02,19.53
avg_hourly_earnings,Leisure & Hospitality,CES7000000003,2022-03,19.67
avg_hourly_earnings,Leisure & Hospitality,CES7000000003,2022-04,19.84
avg_hourly_earnings,Leisure & Hospitality,CES7000000003,2022-05,20.04
avg_hourly_earnings,Leisure & Hospitality,CES7000000003,2022-06,20.07
avg_hourly_earnings,Leisure & Hospitality,CES7000000003,2022-07,20.21
avg_hourly_earnings,Leisure & Hospitality,CES7000000003,2022-08,20.33
avg_hourly_earnings,Leisure & Hospitality,CES7000000003,2022-09,20.43
avg_hourly_earnings,Leisure & Hospitality,CES7000000003,2022-10,20.51
avg_hourly_earnings,Leisure & Hospitality,CES7000000003,2022-11,20.62
avg_hourly_earnings,Leisure & Hospitality,CES7000000003,2022-12,20.79
avg_hourly_earnings,Leisure & Hospitality,CES7000000003,2023-01,20.8
avg_hourly_earnings,Leisure & Hospitality,CES7000000003,2023-02,20.83
avg_hourly_earnings,Leisure & Hospitality,CES7000000003,2023-03,20.87
avg_hourly_earnings,Leisure & Hospitality,CES7000000003,2023-04,20.99
avg_hourly_earnings,Leisure & Hospitality,CES7000000003,2023-05,21.08
avg_hourly_earnings,Leisure & Hospitality,CES7000000003,2023-06,21.23
avg_hourly_earnings,Leisure & Hospitality,CES7000000003,2023-07,21.28
avg_hourly_earnings,Leisure & Hospitality,CES7000000003,2023-08,21.3
avg_hourly_earnings,Leisure & Hospitality,CES7000000003,2023-09,21.36
avg_hourly_earnings,Leisure & Hospitality,CES7000000003,2023-10,21.47
avg_hourly_earnings,Leisure & Hospitality,CES7000000003,2023-11,21.54
avg_hourly_earnings,Leisure & Hospitality,CES7000000003,2023-12,21.58
avg_hourly_earnings,Leisure & Hospitality,CES7000000003,2024-01,21.67
avg_hourly_earnings,Leisure & Hospitality,CES7000000003,2024-02,21.75
avg_hourly_earnings,Leisure & Hospitality,CES7000000003,2024-03,21.79
avg_hourly_earnings,Leisure & Hospitality,CES7000000003,2024-04,21.85
avg_hourly_earnings,Leisure & Hospitality,CES7000000003,2024-05,21.92
avg_hourly_earnings,Leisure & Hospitality,CES7000000003,2024-06,21.98
avg_hourly_earnings,Leisure & Hospitality,CES7000000003,2024-07,22.07
avg_hourly_earnings,Leisure & Hospitality,CES7000000003,2024-08,22.14
avg_hourly_earnings,Leisure & Hospitality,CES7000000003,2024-09,22.18
avg_hourly_earnings,Leisure & Hospitality,CES7000000003,2024-10,22.25
avg_hourly_earnings,Leisure & Hospitality,CES7000000003,2024-11,22.34
avg_hourly_earnings,Leisure & Hospitality,CES7000000003,2024-12,22.42
avg_hourly_earnings,Leisure & Hospitality,CES7000000003,2025-01,22.5
avg_hourly_earnings,Leisure & Hospitality,CES7000000003,2025-02,22.58
avg_hourly_earnings,Leisure & Hospitality,CES7000000003,2025-03,22.73
avg_hourly_earnings,Leisure & Hospitality,CES7000000003,2025-04,22.69
avg_hourly_earnings,Leisure & Hospitality,CES7000000003,2025-05,22.68
avg_hourly_earnings,Leisure & Hospitality,CES7000000003,2025-06,22.74
avg_hourly_earnings,Leisure & Hospitality,CES7000000003,2025-07,22.81
avg_hourly_earnings,Leisure & Hospitality,CES7000000003,2025-08,22.92
avg_hourly_earnings,Leisure & Hospitality,CES7000000003,2025-09,23.0
avg_hourly_earnings,Leisure & Hospitality,CES7000000003,2025-10,23.01
avg_hourly_earnings,Leisure & Hospitality,CES7000000003,2025-11,23.17
avg_hourly_earnings,Leisure & Hospitality,CES7000000003,2025-12,23.25
avg_hourly_earnings,Leisure & Hospitality,CES7000000003,2026-01,23.3
avg_hourly_earnings,Leisure & Hospitality,CES7000000003,2026-02,23.4
avg_hourly_earnings,Leisure & Hospitality,CES7000000003,2026-03,23.48
avg_hourly_earnings,Leisure & Hospitality,CES7000000003,2026-04,23.56
job_openings,Manufacturing,JTS3000JOL,2020-01,407.0
job_openings,Manufacturing,JTS3000JOL,2020-02,392.0
job_openings,Manufacturing,JTS3000JOL,2020-03,295.0
job_openings,Manufacturing,JTS3000JOL,2020-04,298.0
job_openings,Manufacturing,JTS3000JOL,2020-05,314.0
job_openings,Manufacturing,JTS3000JOL,2020-06,338.0
job_openings,Manufacturing,JTS3000JOL,2020-07,392.0
job_openings,Manufacturing,JTS3000JOL,2020-08,458.0
job_openings,Manufacturing,JTS3000JOL,2020-09,469.0
job_openings,Manufacturing,JTS3000JOL,2020-10,519.0
job_openings,Manufacturing,JTS3000JOL,2020-11,490.0
job_openings,Manufacturing,JTS3000JOL,2020-12,502.0
job_openings,Manufacturing,JTS3000JOL,2021-01,522.0
job_openings,Manufacturing,JTS3000JOL,2021-02,599.0
job_openings,Manufacturing,JTS3000JOL,2021-03,739.0
job_openings,Manufacturing,JTS3000JOL,2021-04,848.0
job_openings,Manufacturing,JTS3000JOL,2021-05,887.0
job_openings,Manufacturing,JTS3000JOL,2021-06,893.0
job_openings,Manufacturing,JTS3000JOL,2021-07,903.0
job_openings,Manufacturing,JTS3000JOL,2021-08,843.0
job_openings,Manufacturing,JTS3000JOL,2021-09,930.0
job_openings,Manufacturing,JTS3000JOL,2021-10,953.0
job_openings,Manufacturing,JTS3000JOL,2021-11,846.0
job_openings,Manufacturing,JTS3000JOL,2021-12,877.0
job_openings,Manufacturing,JTS3000JOL,2022-01,895.0
job_openings,Manufacturing,JTS3000JOL,2022-02,823.0
job_openings,Manufacturing,JTS3000JOL,2022-03,905.0
job_openings,Manufacturing,JTS3000JOL,2022-04,1025.0
job_openings,Manufacturing,JTS3000JOL,2022-05,805.0
job_openings,Manufacturing,JTS3000JOL,2022-06,860.0
job_openings,Manufacturing,JTS3000JOL,2022-07,879.0
job_openings,Manufacturing,JTS3000JOL,2022-08,823.0
job_openings,Manufacturing,JTS3000JOL,2022-09,816.0
job_openings,Manufacturing,JTS3000JOL,2022-10,743.0
job_openings,Manufacturing,JTS3000JOL,2022-11,814.0
job_openings,Manufacturing,JTS3000JOL,2022-12,750.0
job_openings,Manufacturing,JTS3000JOL,2023-01,717.0
job_openings,Manufacturing,JTS3000JOL,2023-02,665.0
job_openings,Manufacturing,JTS3000JOL,2023-03,683.0
job_openings,Manufacturing,JTS3000JOL,2023-04,653.0
job_openings,Manufacturing,JTS3000JOL,2023-05,557.0
job_openings,Manufacturing,JTS3000JOL,2023-06,575.0
job_openings,Manufacturing,JTS3000JOL,2023-07,514.0
job_openings,Manufacturing,JTS3000JOL,2023-08,576.0
job_openings,Manufacturing,JTS3000JOL,2023-09,605.0
job_openings,Manufacturing,JTS3000JOL,2023-10,568.0
job_openings,Manufacturing,JTS3000JOL,2023-11,535.0
job_openings,Manufacturing,JTS3000JOL,2023-12,597.0
job_openings,Manufacturing,JTS3000JOL,2024-01,557.0
job_openings,Manufacturing,JTS3000JOL,2024-02,551.0
job_openings,Manufacturing,JTS3000JOL,2024-03,517.0
job_openings,Manufacturing,JTS3000JOL,2024-04,491.0
job_openings,Manufacturing,JTS3000JOL,2024-05,541.0
job_openings,Manufacturing,JTS3000JOL,2024-06,471.0
job_openings,Manufacturing,JTS3000JOL,2024-07,481.0
job_openings,Manufacturing,JTS3000JOL,2024-08,461.0
job_openings,Manufacturing,JTS3000JOL,2024-09,466.0
job_openings,Manufacturing,JTS3000JOL,2024-10,437.0
job_openings,Manufacturing,JTS3000JOL,2024-11,415.0
job_openings,Manufacturing,JTS3000JOL,2024-12,401.0
job_openings,Manufacturing,JTS3000JOL,2025-01,447.0
job_openings,Manufacturing,JTS3000JOL,2025-02,400.0
job_openings,Manufacturing,JTS3000JOL,2025-03,389.0
job_openings,Manufacturing,JTS3000JOL,2025-04,376.0
job_openings,Manufacturing,JTS3000JOL,2025-05,401.0
job_openings,Manufacturing,JTS3000JOL,2025-06,391.0
job_openings,Manufacturing,JTS3000JOL,2025-07,428.0
job_openings,Manufacturing,JTS3000JOL,2025-08,416.0
job_openings,Manufacturing,JTS3000JOL,2025-09,389.0
job_openings,Manufacturing,JTS3000JOL,2025-10,426.0
job_openings,Manufacturing,JTS3000JOL,2025-11,389.0
job_openings,Manufacturing,JTS3000JOL,2025-12,426.0
job_openings,Manufacturing,JTS3000JOL,2026-01,510.0
job_openings,Manufacturing,JTS3000JOL,2026-02,443.0
job_openings,Manufacturing,JTS3000JOL,2026-03,462.0
job_openings,Construction,JTS2300JOL,2020-01,299.0
job_openings,Construction,JTS2300JOL,2020-02,291.0
job_openings,Construction,JTS2300JOL,2020-03,226.0
job_openings,Construction,JTS2300JOL,2020-04,211.0
job_openings,Construction,JTS2300JOL,2020-05,283.0
job_openings,Construction,JTS2300JOL,2020-06,228.0
job_openings,Construction,JTS2300JOL,2020-07,306.0
job_openings,Construction,JTS2300JOL,2020-08,254.0
job_openings,Construction,JTS2300JOL,2020-09,227.0
job_openings,Construction,JTS2300JOL,2020-10,242.0
job_openings,Construction,JTS2300JOL,2020-11,260.0
job_openings,Construction,JTS2300JOL,2020-12,253.0
job_openings,Construction,JTS2300JOL,2021-01,309.0
job_openings,Construction,JTS2300JOL,2021-02,249.0
job_openings,Construction,JTS2300JOL,2021-03,348.0
job_openings,Construction,JTS2300JOL,2021-04,319.0
job_openings,Construction,JTS2300JOL,2021-05,301.0
job_openings,Construction,JTS2300JOL,2021-06,328.0
job_openings,Construction,JTS2300JOL,2021-07,376.0
job_openings,Construction,JTS2300JOL,2021-08,392.0
job_openings,Construction,JTS2300JOL,2021-09,359.0
job_openings,Construction,JTS2300JOL,2021-10,397.0
job_openings,Construction,JTS2300JOL,2021-11,379.0
job_openings,Construction,JTS2300JOL,2021-12,377.0
job_openings,Construction,JTS2300JOL,2022-01,430.0
job_openings,Construction,JTS2300JOL,2022-02,367.0
job_openings,Construction,JTS2300JOL,2022-03,457.0
job_openings,Construction,JTS2300JOL,2022-04,440.0
job_openings,Construction,JTS2300JOL,2022-05,411.0
job_openings,Construction,JTS2300JOL,2022-06,399.0
job_openings,Construction,JTS2300JOL,2022-07,383.0
job_openings,Construction,JTS2300JOL,2022-08,351.0
job_openings,Construction,JTS2300JOL,2022-09,442.0
job_openings,Construction,JTS2300JOL,2022-10,394.0
job_openings,Construction,JTS2300JOL,2022-11,322.0
job_openings,Construction,JTS2300JOL,2022-12,395.0
job_openings,Construction,JTS2300JOL,2023-01,309.0
job_openings,Construction,JTS2300JOL,2023-02,362.0
job_openings,Construction,JTS2300JOL,2023-03,301.0
job_openings,Construction,JTS2300JOL,2023-04,382.0
job_openings,Construction,JTS2300JOL,2023-05,381.0
job_openings,Construction,JTS2300JOL,2023-06,417.0
job_openings,Construction,JTS2300JOL,2023-07,377.0
job_openings,Construction,JTS2300JOL,2023-08,404.0
job_openings,Construction,JTS2300JOL,2023-09,428.0
job_openings,Construction,JTS2300JOL,2023-10,420.0
job_openings,Construction,JTS2300JOL,2023-11,444.0
job_openings,Construction,JTS2300JOL,2023-12,411.0
job_openings,Construction,JTS2300JOL,2024-01,413.0
job_openings,Construction,JTS2300JOL,2024-02,394.0
job_openings,Construction,JTS2300JOL,2024-03,342.0
job_openings,Construction,JTS2300JOL,2024-04,329.0
job_openings,Construction,JTS2300JOL,2024-05,389.0
job_openings,Construction,JTS2300JOL,2024-06,288.0
job_openings,Construction,JTS2300JOL,2024-07,249.0
job_openings,Construction,JTS2300JOL,2024-08,342.0
job_openings,Construction,JTS2300JOL,2024-09,246.0
job_openings,Construction,JTS2300JOL,2024-10,241.0
job_openings,Construction,JTS2300JOL,2024-11,233.0
job_openings,Construction,JTS2300JOL,2024-12,135.0
job_openings,Construction,JTS2300JOL,2025-01,232.0
job_openings,Construction,JTS2300JOL,2025-02,255.0
job_openings,Construction,JTS2300JOL,2025-03,278.0
job_openings,Construction,JTS2300JOL,2025-04,207.0
job_openings,Construction,JTS2300JOL,2025-05,222.0
job_openings,Construction,JTS2300JOL,2025-06,224.0
job_openings,Construction,JTS2300JOL,2025-07,305.0
job_openings,Construction,JTS2300JOL,2025-08,213.0
job_openings,Construction,JTS2300JOL,2025-09,206.0
job_openings,Construction,JTS2300JOL,2025-10,196.0
job_openings,Construction,JTS2300JOL,2025-11,292.0
job_openings,Construction,JTS2300JOL,2025-12,245.0
job_openings,Construction,JTS2300JOL,2026-01,230.0
job_openings,Construction,JTS2300JOL,2026-02,201.0
job_openings,Construction,JTS2300JOL,2026-03,224.0
job_openings,Prof & Business Svcs,JTS540099JOL,2020-01,1293.0
job_openings,Prof & Business Svcs,JTS540099JOL,2020-02,1288.0
job_openings,Prof & Business Svcs,JTS540099JOL,2020-03,1095.0
job_openings,Prof & Business Svcs,JTS540099JOL,2020-04,817.0
job_openings,Prof & Business Svcs,JTS540099JOL,2020-05,1001.0
job_openings,Prof & Business Svcs,JTS540099JOL,2020-06,1079.0
job_openings,Prof & Business Svcs,JTS540099JOL,2020-07,1149.0
job_openings,Prof & Business Svcs,JTS540099JOL,2020-08,1152.0
job_openings,Prof & Business Svcs,JTS540099JOL,2020-09,1262.0
job_openings,Prof & Business Svcs,JTS540099JOL,2020-10,1259.0
job_openings,Prof & Business Svcs,JTS540099JOL,2020-11,1343.0
job_openings,Prof & Business Svcs,JTS540099JOL,2020-12,1448.0
job_openings,Prof & Business Svcs,JTS540099JOL,2021-01,1436.0
job_openings,Prof & Business Svcs,JTS540099JOL,2021-02,1474.0
job_openings,Prof & Business Svcs,JTS540099JOL,2021-03,1564.0
job_openings,Prof & Business Svcs,JTS540099JOL,2021-04,1729.0
job_openings,Prof & Business Svcs,JTS540099JOL,2021-05,1876.0
job_openings,Prof & Business Svcs,JTS540099JOL,2021-06,1925.0
job_openings,Prof & Business Svcs,JTS540099JOL,2021-07,2078.0
job_openings,Prof & Business Svcs,JTS540099JOL,2021-08,2056.0
job_openings,Prof & Business Svcs,JTS540099JOL,2021-09,1957.0
job_openings,Prof & Business Svcs,JTS540099JOL,2021-10,2105.0
job_openings,Prof & Business Svcs,JTS540099JOL,2021-11,2039.0
job_openings,Prof & Business Svcs,JTS540099JOL,2021-12,2088.0
job_openings,Prof & Business Svcs,JTS540099JOL,2022-01,2089.0
job_openings,Prof & Business Svcs,JTS540099JOL,2022-02,2368.0
job_openings,Prof & Business Svcs,JTS540099JOL,2022-03,2464.0
job_openings,Prof & Business Svcs,JTS540099JOL,2022-04,2317.0
job_openings,Prof & Business Svcs,JTS540099JOL,2022-05,2239.0
job_openings,Prof & Business Svcs,JTS540099JOL,2022-06,2282.0
job_openings,Prof & Business Svcs,JTS540099JOL,2022-07,2113.0
job_openings,Prof & Business Svcs,JTS540099JOL,2022-08,1779.0
job_openings,Prof & Business Svcs,JTS540099JOL,2022-09,2131.0
job_openings,Prof & Business Svcs,JTS540099JOL,2022-10,1778.0
job_openings,Prof & Business Svcs,JTS540099JOL,2022-11,2117.0
job_openings,Prof & Business Svcs,JTS540099JOL,2022-12,2114.0
job_openings,Prof & Business Svcs,JTS540099JOL,2023-01,2019.0
job_openings,Prof & Business Svcs,JTS540099JOL,2023-02,1844.0
job_openings,Prof & Business Svcs,JTS540099JOL,2023-03,1825.0
job_openings,Prof & Business Svcs,JTS540099JOL,2023-04,1808.0
job_openings,Prof & Business Svcs,JTS540099JOL,2023-05,1651.0
job_openings,Prof & Business Svcs,JTS540099JOL,2023-06,1527.0
job_openings,Prof & Business Svcs,JTS540099JOL,2023-07,1254.0
job_openings,Prof & Business Svcs,JTS540099JOL,2023-08,1561.0
job_openings,Prof & Business Svcs,JTS540099JOL,2023-09,1499.0
job_openings,Prof & Business Svcs,JTS540099JOL,2023-10,1478.0
job_openings,Prof & Business Svcs,JTS540099JOL,2023-11,1329.0
job_openings,Prof & Business Svcs,JTS540099JOL,2023-12,1375.0
job_openings,Prof & Business Svcs,JTS540099JOL,2024-01,1438.0
job_openings,Prof & Business Svcs,JTS540099JOL,2024-02,1424.0
job_openings,Prof & Business Svcs,JTS540099JOL,2024-03,1311.0
job_openings,Prof & Business Svcs,JTS540099JOL,2024-04,1232.0
job_openings,Prof & Business Svcs,JTS540099JOL,2024-05,1325.0
job_openings,Prof & Business Svcs,JTS540099JOL,2024-06,1097.0
job_openings,Prof & Business Svcs,JTS540099JOL,2024-07,1302.0
job_openings,Prof & Business Svcs,JTS540099JOL,2024-08,1308.0
job_openings,Prof & Business Svcs,JTS540099JOL,2024-09,1230.0
job_openings,Prof & Business Svcs,JTS540099JOL,2024-10,1253.0
job_openings,Prof & Business Svcs,JTS540099JOL,2024-11,1508.0
job_openings,Prof & Business Svcs,JTS540099JOL,2024-12,1295.0
job_openings,Prof & Business Svcs,JTS540099JOL,2025-01,1253.0
job_openings,Prof & Business Svcs,JTS540099JOL,2025-02,1222.0
job_openings,Prof & Business Svcs,JTS540099JOL,2025-03,1211.0
job_openings,Prof & Business Svcs,JTS540099JOL,2025-04,1339.0
job_openings,Prof & Business Svcs,JTS540099JOL,2025-05,1224.0
job_openings,Prof & Business Svcs,JTS540099JOL,2025-06,1332.0
job_openings,Prof & Business Svcs,JTS540099JOL,2025-07,1240.0
job_openings,Prof & Business Svcs,JTS540099JOL,2025-08,1095.0
job_openings,Prof & Business Svcs,JTS540099JOL,2025-09,1267.0
job_openings,Prof & Business Svcs,JTS540099JOL,2025-10,1268.0
job_openings,Prof & Business Svcs,JTS540099JOL,2025-11,1309.0
job_openings,Prof & Business Svcs,JTS540099JOL,2025-12,1167.0
job_openings,Prof & Business Svcs,JTS540099JOL,2026-01,1196.0
job_openings,Prof & Business Svcs,JTS540099JOL,2026-02,1303.0
job_openings,Prof & Business Svcs,JTS540099JOL,2026-03,985.0
job_openings,Education & Health,JTS6200JOL,2020-01,1202.0
job_openings,Education & Health,JTS6200JOL,2020-02,1157.0
job_openings,Education & Health,JTS6200JOL,2020-03,1050.0
job_openings,Education & Health,JTS6200JOL,2020-04,855.0
job_openings,Education & Health,JTS6200JOL,2020-05,925.0
job_openings,Education & Health,JTS6200JOL,2020-06,1039.0
job_openings,Education & Health,JTS6200JOL,2020-07,1090.0
job_openings,Education & Health,JTS6200JOL,2020-08,1129.0
job_openings,Education & Health,JTS6200JOL,2020-09,1110.0
job_openings,Education & Health,JTS6200JOL,2020-10,1194.0
job_openings,Education & Health,JTS6200JOL,2020-11,1210.0
job_openings,Education & Health,JTS6200JOL,2020-12,1155.0
job_openings,Education & Health,JTS6200JOL,2021-01,1213.0
job_openings,Education & Health,JTS6200JOL,2021-02,1491.0
job_openings,Education & Health,JTS6200JOL,2021-03,1324.0
job_openings,Education & Health,JTS6200JOL,2021-04,1441.0
job_openings,Education & Health,JTS6200JOL,2021-05,1585.0
job_openings,Education & Health,JTS6200JOL,2021-06,1604.0
job_openings,Education & Health,JTS6200JOL,2021-07,1684.0
job_openings,Education & Health,JTS6200JOL,2021-08,1625.0
job_openings,Education & Health,JTS6200JOL,2021-09,1781.0
job_openings,Education & Health,JTS6200JOL,2021-10,1880.0
job_openings,Education & Health,JTS6200JOL,2021-11,1902.0
job_openings,Education & Health,JTS6200JOL,2021-12,1945.0
job_openings,Education & Health,JTS6200JOL,2022-01,1904.0
job_openings,Education & Health,JTS6200JOL,2022-02,2028.0
job_openings,Education & Health,JTS6200JOL,2022-03,2106.0
job_openings,Education & Health,JTS6200JOL,2022-04,2021.0
job_openings,Education & Health,JTS6200JOL,2022-05,2040.0
job_openings,Education & Health,JTS6200JOL,2022-06,2008.0
job_openings,Education & Health,JTS6200JOL,2022-07,2079.0
job_openings,Education & Health,JTS6200JOL,2022-08,1949.0
job_openings,Education & Health,JTS6200JOL,2022-09,2067.0
job_openings,Education & Health,JTS6200JOL,2022-10,2006.0
job_openings,Education & Health,JTS6200JOL,2022-11,1908.0
job_openings,Education & Health,JTS6200JOL,2022-12,1943.0
job_openings,Education & Health,JTS6200JOL,2023-01,1786.0
job_openings,Education & Health,JTS6200JOL,2023-02,1678.0
job_openings,Education & Health,JTS6200JOL,2023-03,1729.0
job_openings,Education & Health,JTS6200JOL,2023-04,1753.0
job_openings,Education & Health,JTS6200JOL,2023-05,1661.0
job_openings,Education & Health,JTS6200JOL,2023-06,1754.0
job_openings,Education & Health,JTS6200JOL,2023-07,1782.0
job_openings,Education & Health,JTS6200JOL,2023-08,1910.0
job_openings,Education & Health,JTS6200JOL,2023-09,1794.0
job_openings,Education & Health,JTS6200JOL,2023-10,1663.0
job_openings,Education & Health,JTS6200JOL,2023-11,1726.0
job_openings,Education & Health,JTS6200JOL,2023-12,1828.0
job_openings,Education & Health,JTS6200JOL,2024-01,1845.0
job_openings,Education & Health,JTS6200JOL,2024-02,1786.0
job_openings,Education & Health,JTS6200JOL,2024-03,1707.0
job_openings,Education & Health,JTS6200JOL,2024-04,1491.0
job_openings,Education & Health,JTS6200JOL,2024-05,1649.0
job_openings,Education & Health,JTS6200JOL,2024-06,1607.0
job_openings,Education & Health,JTS6200JOL,2024-07,1523.0
job_openings,Education & Health,JTS6200JOL,2024-08,1521.0
job_openings,Education & Health,JTS6200JOL,2024-09,1298.0
job_openings,Education & Health,JTS6200JOL,2024-10,1477.0
job_openings,Education & Health,JTS6200JOL,2024-11,1521.0
job_openings,Education & Health,JTS6200JOL,2024-12,1410.0
job_openings,Education & Health,JTS6200JOL,2025-01,1475.0
job_openings,Education & Health,JTS6200JOL,2025-02,1457.0
job_openings,Education & Health,JTS6200JOL,2025-03,1312.0
job_openings,Education & Health,JTS6200JOL,2025-04,1525.0
job_openings,Education & Health,JTS6200JOL,2025-05,1614.0
job_openings,Education & Health,JTS6200JOL,2025-06,1466.0
job_openings,Education & Health,JTS6200JOL,2025-07,1295.0
job_openings,Education & Health,JTS6200JOL,2025-08,1366.0
job_openings,Education & Health,JTS6200JOL,2025-09,1417.0
job_openings,Education & Health,JTS6200JOL,2025-10,1349.0
job_openings,Education & Health,JTS6200JOL,2025-11,1373.0
job_openings,Education & Health,JTS6200JOL,2025-12,1260.0
job_openings,Education & Health,JTS6200JOL,2026-01,1330.0
job_openings,Education & Health,JTS6200JOL,2026-02,1270.0
job_openings,Education & Health,JTS6200JOL,2026-03,1357.0
job_openings,Leisure & Hospitality,JTS7000JOL,2020-01,913.0
job_openings,Leisure & Hospitality,JTS7000JOL,2020-02,940.0
job_openings,Leisure & Hospitality,JTS7000JOL,2020-03,653.0
job_openings,Leisure & Hospitality,JTS7000JOL,2020-04,321.0
job_openings,Leisure & Hospitality,JTS7000JOL,2020-05,710.0
job_openings,Leisure & Hospitality,JTS7000JOL,2020-06,876.0
job_openings,Leisure & Hospitality,JTS7000JOL,2020-07,781.0
job_openings,Leisure & Hospitality,JTS7000JOL,2020-08,763.0
job_openings,Leisure & Hospitality,JTS7000JOL,2020-09,801.0
job_openings,Leisure & Hospitality,JTS7000JOL,2020-10,821.0
job_openings,Leisure & Hospitality,JTS7000JOL,2020-11,845.0
job_openings,Leisure & Hospitality,JTS7000JOL,2020-12,799.0
job_openings,Leisure & Hospitality,JTS7000JOL,2021-01,741.0
job_openings,Leisure & Hospitality,JTS7000JOL,2021-02,960.0
job_openings,Leisure & Hospitality,JTS7000JOL,2021-03,1101.0
job_openings,Leisure & Hospitality,JTS7000JOL,2021-04,1308.0
job_openings,Leisure & Hospitality,JTS7000JOL,2021-05,1432.0
job_openings,Leisure & Hospitality,JTS7000JOL,2021-06,1576.0
job_openings,Leisure & Hospitality,JTS7000JOL,2021-07,1787.0
job_openings,Leisure & Hospitality,JTS7000JOL,2021-08,1736.0
job_openings,Leisure & Hospitality,JTS7000JOL,2021-09,1573.0
job_openings,Leisure & Hospitality,JTS7000JOL,2021-10,1614.0
job_openings,Leisure & Hospitality,JTS7000JOL,2021-11,1597.0
job_openings,Leisure & Hospitality,JTS7000JOL,2021-12,1690.0
job_openings,Leisure & Hospitality,JTS7000JOL,2022-01,1607.0
job_openings,Leisure & Hospitality,JTS7000JOL,2022-02,1699.0
job_openings,Leisure & Hospitality,JTS7000JOL,2022-03,1656.0
job_openings,Leisure & Hospitality,JTS7000JOL,2022-04,1625.0
job_openings,Leisure & Hospitality,JTS7000JOL,2022-05,1606.0
job_openings,Leisure & Hospitality,JTS7000JOL,2022-06,1576.0
job_openings,Leisure & Hospitality,JTS7000JOL,2022-07,1622.0
job_openings,Leisure & Hospitality,JTS7000JOL,2022-08,1467.0
job_openings,Leisure & Hospitality,JTS7000JOL,2022-09,1497.0
job_openings,Leisure & Hospitality,JTS7000JOL,2022-10,1547.0
job_openings,Leisure & Hospitality,JTS7000JOL,2022-11,1530.0
job_openings,Leisure & Hospitality,JTS7000JOL,2022-12,1719.0
job_openings,Leisure & Hospitality,JTS7000JOL,2023-01,1523.0
job_openings,Leisure & Hospitality,JTS7000JOL,2023-02,1422.0
job_openings,Leisure & Hospitality,JTS7000JOL,2023-03,1447.0
job_openings,Leisure & Hospitality,JTS7000JOL,2023-04,1378.0
job_openings,Leisure & Hospitality,JTS7000JOL,2023-05,1310.0
job_openings,Leisure & Hospitality,JTS7000JOL,2023-06,1208.0
job_openings,Leisure & Hospitality,JTS7000JOL,2023-07,1206.0
job_openings,Leisure & Hospitality,JTS7000JOL,2023-08,1185.0
job_openings,Leisure & Hospitality,JTS7000JOL,2023-09,1333.0
job_openings,Leisure & Hospitality,JTS7000JOL,2023-10,1150.0
job_openings,Leisure & Hospitality,JTS7000JOL,2023-11,1160.0
job_openings,Leisure & Hospitality,JTS7000JOL,2023-12,957.0
job_openings,Leisure & Hospitality,JTS7000JOL,2024-01,1106.0
job_openings,Leisure & Hospitality,JTS7000JOL,2024-02,1105.0
job_openings,Leisure & Hospitality,JTS7000JOL,2024-03,1211.0
job_openings,Leisure & Hospitality,JTS7000JOL,2024-04,1060.0
job_openings,Leisure & Hospitality,JTS7000JOL,2024-05,825.0
job_openings,Leisure & Hospitality,JTS7000JOL,2024-06,906.0
job_openings,Leisure & Hospitality,JTS7000JOL,2024-07,961.0
job_openings,Leisure & Hospitality,JTS7000JOL,2024-08,939.0
job_openings,Leisure & Hospitality,JTS7000JOL,2024-09,887.0
job_openings,Leisure & Hospitality,JTS7000JOL,2024-10,1007.0
job_openings,Leisure & Hospitality,JTS7000JOL,2024-11,1012.0
job_openings,Leisure & Hospitality,JTS7000JOL,2024-12,1222.0
job_openings,Leisure & Hospitality,JTS7000JOL,2025-01,1009.0
job_openings,Leisure & Hospitality,JTS7000JOL,2025-02,994.0
job_openings,Leisure & Hospitality,JTS7000JOL,2025-03,946.0
job_openings,Leisure & Hospitality,JTS7000JOL,2025-04,827.0
job_openings,Leisure & Hospitality,JTS7000JOL,2025-05,1076.0
job_openings,Leisure & Hospitality,JTS7000JOL,2025-06,999.0
job_openings,Leisure & Hospitality,JTS7000JOL,2025-07,970.0
job_openings,Leisure & Hospitality,JTS7000JOL,2025-08,1050.0
job_openings,Leisure & Hospitality,JTS7000JOL,2025-09,1152.0
job_openings,Leisure & Hospitality,JTS7000JOL,2025-10,1081.0
job_openings,Leisure & Hospitality,JTS7000JOL,2025-11,873.0
job_openings,Leisure & Hospitality,JTS7000JOL,2025-12,956.0
job_openings,Leisure & Hospitality,JTS7000JOL,2026-01,1119.0
job_openings,Leisure & Hospitality,JTS7000JOL,2026-02,952.0
job_openings,Leisure & Hospitality,JTS7000JOL,2026-03,965.0
